customer_id,recency,frequency,monetary,r_score,f_score,m_score,segment
1,1,274,142600.0,5,5,5,高价值用户
10,17,35,21059.56,5,5,5,高价值用户
100,19,7,3531.3,5,5,5,高价值用户
1000,97,3,2503.68,3,3,4,高消费潜力
1002,17,5,1628.99,5,4,3,一般用户
1004,254,4,1651.1,1,4,3,沉睡高频用户
1006,107,2,1571.04,2,2,3,流失风险
1007,300,2,539.0,1,2,2,流失风险
1008,196,1,232.18,1,1,1,流失风险
1009,137,3,840.15,2,3,2,流失风险
101,19,12,7447.68,5,5,5,高价值用户
1010,15,4,3111.75,5,4,5,高价值用户
1011,142,2,1538.96,2,2,3,流失风险
1012,54,3,3684.68,4,3,5,高消费潜力
1013,9,3,1790.49,5,3,4,高消费潜力
1014,128,3,1796.2,2,3,4,高消费潜力
1015,242,2,1416.73,1,2,3,流失风险
1016,128,3,1015.8,2,3,2,流失风险
1017,36,4,1155.98,4,4,3,一般用户
1018,102,3,1808.58,3,3,4,高消费潜力
1019,7,3,2347.95,5,3,4,高消费潜力
102,64,4,2519.0,3,4,4,高消费潜力
1020,173,6,2370.47,2,5,4,沉睡高频用户
1021,27,6,3145.03,4,5,5,高价值用户
1022,36,3,1092.64,4,3,3,一般用户
1023,2,4,3057.49,5,4,5,高价值用户
1024,237,4,1239.8,1,4,3,沉睡高频用户
1025,88,2,1152.12,3,2,3,一般用户
1027,78,1,279.12,3,1,1,一般用户
1028,65,4,1848.45,3,4,4,高消费潜力
103,46,10,5604.23,4,5,5,高价值用户
1030,99,4,2283.91,3,4,4,高消费潜力
1031,77,4,1065.5,3,4,2,一般用户
1032,10,7,3441.51,5,5,5,高价值用户
1033,43,2,448.32,4,2,1,新客培育
1034,45,5,1668.12,4,4,3,一般用户
1035,37,4,3628.04,4,4,5,高价值用户
1036,33,6,2935.89,4,5,5,高价值用户
1037,67,4,2617.22,3,4,4,高消费潜力
1038,204,4,1121.15,1,4,3,沉睡高频用户
1039,147,4,1746.8,2,4,3,沉睡高频用户
104,16,9,3002.17,5,5,5,高价值用户
1040,204,2,1825.71,1,2,4,高消费潜力
1041,18,6,5090.67,5,5,5,高价值用户
1042,27,5,4342.52,4,4,5,高价值用户
1043,111,5,4341.03,2,4,5,沉睡高频用户
1044,53,1,652.74,4,1,2,新客培育
1045,163,2,719.05,2,2,2,流失风险
1046,21,3,1067.18,5,3,2,一般用户
1047,42,7,2488.01,4,5,4,高价值用户
1048,290,2,219.43,1,2,1,流失风险
1049,107,4,3251.61,2,4,5,沉睡高频用户
105,36,13,9177.56,4,5,5,高价值用户
1050,46,2,758.96,4,2,2,新客培育
1051,150,3,595.27,2,3,2,流失风险
1052,32,3,1132.01,4,3,3,一般用户
1053,270,2,499.26,1,2,1,流失风险
1054,160,3,1167.19,2,3,3,流失风险
1055,154,5,2006.79,2,4,4,沉睡高频用户
1056,12,5,4960.22,5,4,5,高价值用户
1058,85,3,1023.43,3,3,2,一般用户
1059,63,4,2132.21,3,4,4,高消费潜力
106,26,8,4746.91,4,5,5,高价值用户
1060,60,7,3283.4,3,5,5,高消费潜力
1061,23,5,2444.43,5,4,4,高价值用户
1062,162,3,1350.91,2,3,3,流失风险
1063,5,3,1002.19,5,3,2,一般用户
1064,124,3,1915.93,2,3,4,高消费潜力
1065,93,4,2134.73,3,4,4,高消费潜力
1066,47,6,2203.47,4,5,4,高价值用户
1067,99,1,1732.86,3,1,3,一般用户
1068,88,3,836.13,3,3,2,一般用户
1069,33,3,1070.95,4,3,3,一般用户
107,119,8,2293.35,2,5,4,沉睡高频用户
1070,16,2,382.98,5,2,1,新客培育
1071,69,2,1694.41,3,2,3,一般用户
1072,3,5,4069.73,5,4,5,高价值用户
1073,144,6,4464.09,2,5,5,沉睡高频用户
1074,260,3,1873.28,1,3,4,高消费潜力
1075,196,5,3146.05,1,4,5,沉睡高频用户
1076,105,1,125.91,2,1,1,流失风险
1077,101,4,2246.3,3,4,4,高消费潜力
1078,1,4,1206.42,5,4,3,一般用户
1079,89,2,1551.56,3,2,3,一般用户
108,5,11,7042.67,5,5,5,高价值用户
1080,74,2,890.54,3,2,2,一般用户
1081,17,3,1436.92,5,3,3,一般用户
1082,49,2,174.62,4,2,1,新客培育
1083,232,2,433.2,1,2,1,流失风险
1084,89,1,213.02,3,1,1,一般用户
1085,165,3,2441.44,2,3,4,高消费潜力
1086,75,2,1071.79,3,2,3,一般用户
1087,75,1,300.96,3,1,1,一般用户
1088,138,2,73.55,2,2,1,流失风险
1089,53,2,1197.52,4,2,3,新客培育
109,31,9,5241.77,4,5,5,高价值用户
1090,66,3,1911.14,3,3,4,高消费潜力
1091,1,4,1722.89,5,4,3,一般用户
1092,141,3,768.45,2,3,2,流失风险
1093,189,4,2448.35,1,4,4,沉睡高频用户
1094,171,4,1896.24,2,4,4,沉睡高频用户
1095,145,3,2230.32,2,3,4,高消费潜力
1096,49,4,2647.49,4,4,4,高价值用户
1097,151,4,1258.33,2,4,3,沉睡高频用户
1098,55,4,3715.61,4,4,5,高价值用户
1099,107,1,254.86,2,1,1,流失风险
11,3,31,15401.72,5,5,5,高价值用户
110,63,10,5344.69,3,5,5,高消费潜力
1100,177,4,3690.47,2,4,5,沉睡高频用户
1101,341,2,2309.32,1,2,4,高消费潜力
1102,53,3,1087.18,4,3,3,一般用户
1103,10,2,1585.63,5,2,3,新客培育
1104,257,1,1346.19,1,1,3,流失风险
1105,6,3,987.29,5,3,2,一般用户
1107,171,2,2030.79,2,2,4,高消费潜力
1108,1,3,1029.96,5,3,2,一般用户
1109,151,3,928.86,2,3,2,流失风险
111,18,10,7664.52,5,5,5,高价值用户
1110,63,3,872.69,3,3,2,一般用户
1111,128,2,2198.37,2,2,4,高消费潜力
1112,212,1,596.19,1,1,2,流失风险
1113,125,5,1992.92,2,4,4,沉睡高频用户
1114,231,1,380.95,1,1,1,流失风险
1115,87,5,3387.97,3,4,5,高消费潜力
1116,41,5,3363.21,4,4,5,高价值用户
1117,267,1,1282.89,1,1,3,流失风险
1119,338,1,532.92,1,1,1,流失风险
112,13,8,2210.95,5,5,4,高价值用户
1120,216,3,2270.75,1,3,4,高消费潜力
1121,121,4,1790.79,2,4,4,沉睡高频用户
1122,300,2,696.2,1,2,2,流失风险
1123,12,4,1884.81,5,4,4,高价值用户
1124,71,3,2506.8,3,3,4,高消费潜力
1127,114,1,150.4,2,1,1,流失风险
1128,84,2,1206.42,3,2,3,一般用户
1129,107,3,1063.22,2,3,2,流失风险
113,33,7,2807.59,4,5,5,高价值用户
1130,64,4,3700.62,3,4,5,高消费潜力
1131,105,1,63.64,2,1,1,流失风险
1132,68,6,3499.54,3,5,5,高消费潜力
1133,142,1,994.64,2,1,2,流失风险
1134,34,2,679.34,4,2,2,新客培育
1135,76,2,824.5,3,2,2,一般用户
1136,33,3,1098.94,4,3,3,一般用户
1137,248,3,616.19,1,3,2,流失风险
1138,131,4,3524.88,2,4,5,沉睡高频用户
1139,83,3,510.25,3,3,1,一般用户
114,21,8,4006.44,5,5,5,高价值用户
1140,58,3,1833.03,3,3,4,高消费潜力
1141,84,3,3316.28,3,3,5,高消费潜力
1142,43,1,844.41,4,1,2,新客培育
1143,33,5,2002.8,4,4,4,高价值用户
1144,149,3,1689.67,2,3,3,流失风险
1145,10,5,4822.83,5,4,5,高价值用户
1146,13,5,2165.33,5,4,4,高价值用户
1147,65,5,3402.81,3,4,5,高消费潜力
1149,242,2,1513.87,1,2,3,流失风险
115,103,5,1324.59,3,4,3,一般用户
1150,41,5,1874.54,4,4,4,高价值用户
1151,254,1,546.5,1,1,2,流失风险
1152,159,2,616.66,2,2,2,流失风险
1153,248,2,333.14,1,2,1,流失风险
1154,258,4,2434.52,1,4,4,沉睡高频用户
1155,42,3,2213.75,4,3,4,高消费潜力
1156,49,4,1601.39,4,4,3,一般用户
1157,47,4,1021.98,4,4,2,一般用户
1158,307,2,1124.29,1,2,3,流失风险
1159,81,1,70.57,3,1,1,一般用户
116,67,7,6612.94,3,5,5,高消费潜力
1160,148,5,3290.34,2,4,5,沉睡高频用户
1161,38,2,591.63,4,2,2,新客培育
1163,35,5,3203.55,4,4,5,高价值用户
1164,273,2,1521.06,1,2,3,流失风险
1165,119,3,2001.23,2,3,4,高消费潜力
1166,30,3,1305.49,4,3,3,一般用户
1167,123,4,2275.88,2,4,4,沉睡高频用户
1168,74,3,862.75,3,3,2,一般用户
1169,22,7,2336.98,5,5,4,高价值用户
117,38,8,1466.19,4,5,3,一般用户
1170,342,1,870.96,1,1,2,流失风险
1171,334,1,993.22,1,1,2,流失风险
1172,291,2,1955.33,1,2,4,高消费潜力
1173,3,4,1082.87,5,4,3,一般用户
1174,122,3,2348.35,2,3,4,高消费潜力
1175,156,2,1200.45,2,2,3,流失风险
1176,88,2,560.69,3,2,2,一般用户
1177,79,4,2374.64,3,4,4,高消费潜力
1178,110,3,1673.4,2,3,3,流失风险
1179,8,4,2227.14,5,4,4,高价值用户
118,8,6,3350.84,5,5,5,高价值用户
1181,13,2,649.34,5,2,2,新客培育
1182,90,1,140.88,3,1,1,一般用户
1183,21,2,1286.3,5,2,3,新客培育
1185,118,2,1074.8,2,2,3,流失风险
1186,363,1,675.6,1,1,2,流失风险
1187,33,3,1204.97,4,3,3,一般用户
1188,129,4,2122.92,2,4,4,沉睡高频用户
1189,4,1,1380.24,5,1,3,新客培育
119,24,7,2761.04,5,5,4,高价值用户
1190,140,2,501.39,2,2,1,流失风险
1191,38,5,3051.46,4,4,5,高价值用户
1192,136,2,669.39,2,2,2,流失风险
1193,295,5,2169.16,1,4,4,沉睡高频用户
1194,210,2,877.91,1,2,2,流失风险
1195,36,1,332.35,4,1,1,新客培育
1196,17,4,1205.06,5,4,3,一般用户
1197,60,4,4087.52,3,4,5,高消费潜力
1198,232,3,2757.23,1,3,4,高消费潜力
1199,28,4,1408.04,4,4,3,一般用户
12,41,25,11758.07,4,5,5,高价值用户
120,49,7,3735.74,4,5,5,高价值用户
1200,243,3,591.42,1,3,2,流失风险
1201,9,8,3967.73,5,5,5,高价值用户
1202,204,2,663.65,1,2,2,流失风险
1203,17,4,4856.45,5,4,5,高价值用户
1204,10,7,5412.39,5,5,5,高价值用户
1205,116,3,1874.48,2,3,4,高消费潜力
1206,136,2,1137.58,2,2,3,流失风险
1207,91,2,357.32,3,2,1,一般用户
1209,53,2,1171.13,4,2,3,新客培育
121,86,10,5119.49,3,5,5,高消费潜力
1210,64,1,238.04,3,1,1,一般用户
1211,133,3,1865.6,2,3,4,高消费潜力
1212,233,2,665.19,1,2,2,流失风险
1213,81,3,1455.78,3,3,3,一般用户
1214,223,2,1480.92,1,2,3,流失风险
1215,181,2,377.97,2,2,1,流失风险
1216,160,1,629.7,2,1,2,流失风险
1217,198,2,697.51,1,2,2,流失风险
1218,25,5,4445.47,4,4,5,高价值用户
1219,34,6,5057.68,4,5,5,高价值用户
122,79,6,4171.94,3,5,5,高消费潜力
1220,57,4,3783.8,3,4,5,高消费潜力
1221,200,2,640.0,1,2,2,流失风险
1222,42,3,1734.12,4,3,3,一般用户
1223,56,5,2248.23,3,4,4,高消费潜力
1224,93,2,897.0,3,2,2,一般用户
1225,55,2,1412.14,4,2,3,新客培育
1226,36,5,1600.41,4,4,3,一般用户
1227,6,5,4171.02,5,4,5,高价值用户
1228,153,3,346.27,2,3,1,流失风险
1229,87,1,44.55,3,1,1,一般用户
123,48,7,3051.82,4,5,5,高价值用户
1230,99,2,2344.38,3,2,4,高消费潜力
1231,17,2,327.0,5,2,1,新客培育
1232,11,3,1843.82,5,3,4,高消费潜力
1233,6,2,1747.63,5,2,3,新客培育
1234,44,5,1389.65,4,4,3,一般用户
1235,12,3,2013.22,5,3,4,高消费潜力
1236,40,1,108.18,4,1,1,新客培育
1238,45,2,1517.7,4,2,3,新客培育
1239,277,1,70.71,1,1,1,流失风险
124,31,9,3714.48,4,5,5,高价值用户
1240,37,4,2004.32,4,4,4,高价值用户
1241,29,2,1260.0,4,2,3,新客培育
1242,31,4,750.39,4,4,2,一般用户
1243,233,3,801.92,1,3,2,流失风险
1244,53,4,1369.87,4,4,3,一般用户
1245,32,1,199.49,4,1,1,新客培育
1246,11,2,1788.2,5,2,4,新客培育
1247,63,3,1667.5,3,3,3,一般用户
1248,109,2,148.43,2,2,1,流失风险
1249,53,2,742.19,4,2,2,新客培育
125,27,13,4251.61,4,5,5,高价值用户
1250,45,4,2029.36,4,4,4,高价值用户
1251,123,2,1056.33,2,2,2,流失风险
1252,47,4,3413.4,4,4,5,高价值用户
1253,289,1,639.14,1,1,2,流失风险
1254,103,3,653.85,3,3,2,一般用户
1255,295,2,1242.95,1,2,3,流失风险
1256,3,3,1312.79,5,3,3,一般用户
1257,23,1,182.79,5,1,1,新客培育
1258,342,1,324.98,1,1,1,流失风险
1259,232,1,910.0,1,1,2,流失风险
126,81,10,3727.74,3,5,5,高消费潜力
1260,25,2,1006.8,4,2,2,新客培育
1261,80,1,2434.45,3,1,4,高消费潜力
1262,30,3,515.15,4,3,1,一般用户
1263,21,4,2736.78,5,4,4,高价值用户
1264,335,1,114.75,1,1,1,流失风险
1265,8,3,650.39,5,3,2,一般用户
1266,12,3,1063.77,5,3,2,一般用户
1267,32,4,1185.6,4,4,3,一般用户
1268,171,3,1599.16,2,3,3,流失风险
1269,98,3,3062.08,3,3,5,高消费潜力
127,35,9,2823.31,4,5,5,高价值用户
1270,8,3,1252.44,5,3,3,一般用户
1272,128,1,42.8,2,1,1,流失风险
1273,217,1,1122.9,1,1,3,流失风险
1274,321,2,1158.15,1,2,3,流失风险
1275,53,4,3069.69,4,4,5,高价值用户
1276,9,6,3609.37,5,5,5,高价值用户
1277,170,4,1375.19,2,4,3,沉睡高频用户
1278,29,2,539.88,4,2,2,新客培育
1279,43,3,3883.65,4,3,5,高消费潜力
128,46,9,3124.45,4,5,5,高价值用户
1280,10,1,637.42,5,1,2,新客培育
1281,51,3,2835.83,4,3,5,高消费潜力
1282,37,4,5086.88,4,4,5,高价值用户
1283,214,3,2059.71,1,3,4,高消费潜力
1284,47,6,4277.9,4,5,5,高价值用户
1285,16,5,5308.48,5,4,5,高价值用户
1286,63,3,1133.17,3,3,3,一般用户
1287,157,3,2979.48,2,3,5,高消费潜力
1288,76,2,1073.56,3,2,3,一般用户
1289,65,2,657.08,3,2,2,一般用户
129,110,9,5088.66,2,5,5,沉睡高频用户
1291,314,2,1474.29,1,2,3,流失风险
1292,12,4,3244.98,5,4,5,高价值用户
1294,119,4,4435.09,2,4,5,沉睡高频用户
1295,15,3,1587.1,5,3,3,一般用户
1296,215,1,269.95,1,1,1,流失风险
1297,155,1,56.42,2,1,1,流失风险
1298,347,1,152.4,1,1,1,流失风险
1299,30,4,3216.56,4,4,5,高价值用户
13,1,32,12437.11,5,5,5,高价值用户
130,71,9,6402.36,3,5,5,高消费潜力
1300,4,4,4055.79,5,4,5,高价值用户
1301,74,1,316.6,3,1,1,一般用户
1302,38,4,2027.87,4,4,4,高价值用户
1303,148,2,246.42,2,2,1,流失风险
1304,144,3,1794.89,2,3,4,高消费潜力
1305,14,2,2298.93,5,2,4,新客培育
1307,10,3,1215.37,5,3,3,一般用户
1308,9,2,880.8,5,2,2,新客培育
131,88,8,2034.0,3,5,4,高消费潜力
1310,198,2,450.8,1,2,1,流失风险
1311,192,2,1757.9,1,2,4,高消费潜力
1312,30,2,1905.06,4,2,4,新客培育
1313,223,4,2226.45,1,4,4,沉睡高频用户
1314,18,2,582.02,5,2,2,新客培育
1315,99,2,1551.52,3,2,3,一般用户
1316,52,1,590.52,4,1,2,新客培育
1318,169,2,865.77,2,2,2,流失风险
1319,135,3,1758.17,2,3,4,高消费潜力
132,34,10,3821.72,4,5,5,高价值用户
1320,54,4,2464.27,4,4,4,高价值用户
1321,19,5,1206.23,5,4,3,一般用户
1322,146,3,698.06,2,3,2,流失风险
1323,6,5,3281.69,5,4,5,高价值用户
1324,79,3,1111.78,3,3,3,一般用户
1325,94,2,596.19,3,2,2,一般用户
1326,83,6,4237.19,3,5,5,高消费潜力
1327,86,2,1859.92,3,2,4,高消费潜力
1328,341,1,327.88,1,1,1,流失风险
1329,114,4,1900.69,2,4,4,沉睡高频用户
133,18,11,7001.27,5,5,5,高价值用户
1330,175,3,3441.61,2,3,5,高消费潜力
1331,82,2,1895.82,3,2,4,高消费潜力
1332,8,3,1165.22,5,3,3,一般用户
1333,106,6,3745.89,2,5,5,沉睡高频用户
1334,43,7,6542.38,4,5,5,高价值用户
1335,40,5,955.02,4,4,2,一般用户
1336,37,3,602.29,4,3,2,一般用户
1337,4,2,1481.3,5,2,3,新客培育
1339,295,1,458.0,1,1,1,流失风险
134,43,10,3431.52,4,5,5,高价值用户
1340,132,2,420.22,2,2,1,流失风险
1341,136,3,1415.73,2,3,3,流失风险
1342,48,6,2299.47,4,5,4,高价值用户
1343,111,5,1236.83,2,4,3,沉睡高频用户
1344,305,1,319.62,1,1,1,流失风险
1345,317,1,1161.06,1,1,3,流失风险
1346,48,4,1100.24,4,4,3,一般用户
1347,64,4,2076.24,3,4,4,高消费潜力
1348,71,2,1163.3,3,2,3,一般用户
1349,22,1,136.08,5,1,1,新客培育
135,55,8,3406.5,4,5,5,高价值用户
1350,37,4,1212.14,4,4,3,一般用户
1351,18,5,2957.6,5,4,5,高价值用户
1352,82,2,438.42,3,2,1,一般用户
1353,59,4,2435.59,3,4,4,高消费潜力
1354,73,1,731.52,3,1,2,一般用户
1355,54,4,916.58,4,4,2,一般用户
1356,117,3,742.77,2,3,2,流失风险
1357,151,2,836.83,2,2,2,流失风险
1358,38,2,1375.48,4,2,3,新客培育
1359,90,2,515.16,3,2,1,一般用户
136,115,10,6574.84,2,5,5,沉睡高频用户
1360,151,1,41.85,2,1,1,流失风险
1361,269,1,251.33,1,1,1,流失风险
1362,46,3,1103.43,4,3,3,一般用户
1363,180,4,4687.27,2,4,5,沉睡高频用户
1364,364,1,146.7,1,1,1,流失风险
1365,88,4,1202.98,3,4,3,一般用户
1367,115,2,834.73,2,2,2,流失风险
1368,163,5,1952.07,2,4,4,沉睡高频用户
1369,20,3,844.39,5,3,2,一般用户
137,50,10,4085.68,4,5,5,高价值用户
1370,30,3,2108.49,4,3,4,高消费潜力
1371,198,1,369.67,1,1,1,流失风险
1372,128,2,2150.04,2,2,4,高消费潜力
1373,41,3,944.35,4,3,2,一般用户
1374,191,2,648.25,1,2,2,流失风险
1375,251,2,518.39,1,2,1,流失风险
1376,147,2,565.44,2,2,2,流失风险
1377,68,1,326.69,3,1,1,一般用户
1379,29,3,1753.95,4,3,3,一般用户
138,33,10,5442.97,4,5,5,高价值用户
1380,38,4,2790.83,4,4,5,高价值用户
1381,63,3,1225.9,3,3,3,一般用户
1383,203,1,160.09,1,1,1,流失风险
1384,14,4,1147.47,5,4,3,一般用户
1386,44,7,2914.38,4,5,5,高价值用户
1387,96,2,1389.62,3,2,3,一般用户
1388,161,2,1797.8,2,2,4,高消费潜力
1389,16,3,2775.69,5,3,4,高消费潜力
139,10,9,5588.84,5,5,5,高价值用户
1390,41,6,1562.9,4,5,3,一般用户
1391,15,3,1421.56,5,3,3,一般用户
1392,21,4,3573.47,5,4,5,高价值用户
1393,343,1,418.4,1,1,1,流失风险
1394,56,4,3327.35,3,4,5,高消费潜力
1395,180,1,309.24,2,1,1,流失风险
1396,29,4,1610.66,4,4,3,一般用户
1397,58,3,4550.4,3,3,5,高消费潜力
1398,23,4,3083.64,5,4,5,高价值用户
1399,267,1,66.56,1,1,1,流失风险
14,29,22,11370.28,4,5,5,高价值用户
140,26,10,6436.4,4,5,5,高价值用户
1400,120,4,4151.16,2,4,5,沉睡高频用户
1401,62,2,2596.32,3,2,4,高消费潜力
1402,359,1,493.89,1,1,1,流失风险
1403,259,1,274.57,1,1,1,流失风险
1404,69,3,1458.27,3,3,3,一般用户
1405,91,2,126.38,3,2,1,一般用户
1406,100,2,178.65,3,2,1,一般用户
1407,71,1,78.54,3,1,1,一般用户
1408,42,4,2395.3,4,4,4,高价值用户
1409,262,2,894.92,1,2,2,流失风险
141,28,9,7644.23,4,5,5,高价值用户
1410,7,4,770.34,5,4,2,一般用户
1411,90,3,1997.51,3,3,4,高消费潜力
1412,55,1,263.32,4,1,1,新客培育
1413,134,3,2903.2,2,3,5,高消费潜力
1414,246,2,960.84,1,2,2,流失风险
1415,42,4,2437.24,4,4,4,高价值用户
1416,54,2,672.24,4,2,2,新客培育
1417,19,3,953.77,5,3,2,一般用户
1418,6,5,5217.66,5,4,5,高价值用户
1419,91,4,4223.86,3,4,5,高消费潜力
142,19,8,5089.03,5,5,5,高价值用户
1420,172,3,2328.79,2,3,4,高消费潜力
1421,107,4,3206.88,2,4,5,沉睡高频用户
1423,19,5,3045.85,5,4,5,高价值用户
1424,132,2,2099.16,2,2,4,高消费潜力
1425,34,5,2419.57,4,4,4,高价值用户
1426,136,4,2231.86,2,4,4,沉睡高频用户
1427,140,2,1029.08,2,2,2,流失风险
1428,108,3,1622.47,2,3,3,流失风险
1429,91,2,285.71,3,2,1,一般用户
143,11,9,4083.52,5,5,5,高价值用户
1430,210,2,1241.03,1,2,3,流失风险
1431,71,1,633.28,3,1,2,一般用户
1432,50,2,1660.18,4,2,3,新客培育
1434,356,1,827.86,1,1,2,流失风险
1435,244,3,582.01,1,3,2,流失风险
1436,1,2,653.32,5,2,2,新客培育
1437,65,1,1184.08,3,1,3,一般用户
1438,184,3,986.0,2,3,2,流失风险
1439,112,2,1312.77,2,2,3,流失风险
144,1,8,4069.8,5,5,5,高价值用户
1440,273,1,1281.39,1,1,3,流失风险
1441,173,2,1136.2,2,2,3,流失风险
1442,157,1,203.09,2,1,1,流失风险
1443,168,3,1272.73,2,3,3,流失风险
1444,53,5,3372.37,4,4,5,高价值用户
1445,16,3,2490.67,5,3,4,高消费潜力
1446,2,5,3350.44,5,4,5,高价值用户
1447,56,3,1416.14,3,3,3,一般用户
1448,186,1,1976.7,1,1,4,高消费潜力
1449,48,2,411.6,4,2,1,新客培育
145,27,7,2699.16,4,5,4,高价值用户
1450,129,3,1890.43,2,3,4,高消费潜力
1451,123,5,3123.08,2,4,5,沉睡高频用户
1452,51,2,2711.08,4,2,4,新客培育
1453,169,2,519.04,2,2,1,流失风险
1455,11,2,918.61,5,2,2,新客培育
1456,274,1,409.08,1,1,1,流失风险
1457,99,4,3479.7,3,4,5,高消费潜力
1458,39,2,597.02,4,2,2,新客培育
1459,198,2,373.26,1,2,1,流失风险
146,29,15,8252.95,4,5,5,高价值用户
1460,103,2,563.47,3,2,2,一般用户
1461,102,1,166.75,3,1,1,一般用户
1462,317,1,405.74,1,1,1,流失风险
1463,47,6,2595.48,4,5,4,高价值用户
1464,55,4,1327.37,4,4,3,一般用户
1465,6,3,831.63,5,3,2,一般用户
1466,127,1,18.63,2,1,1,流失风险
1467,14,3,1846.07,5,3,4,高消费潜力
1468,192,4,1585.92,1,4,3,沉睡高频用户
1469,83,3,864.01,3,3,2,一般用户
147,11,6,2781.48,5,5,4,高价值用户
1470,53,1,406.52,4,1,1,新客培育
1471,51,2,465.51,4,2,1,新客培育
1472,66,5,2004.81,3,4,4,高消费潜力
1473,190,1,341.12,1,1,1,流失风险
1474,9,3,786.5,5,3,2,一般用户
1475,40,4,2102.13,4,4,4,高价值用户
1476,321,1,285.24,1,1,1,流失风险
1477,279,1,57.28,1,1,1,流失风险
1478,280,1,406.46,1,1,1,流失风险
1479,15,2,588.34,5,2,2,新客培育
148,48,4,2260.15,4,4,4,高价值用户
1480,127,2,1999.29,2,2,4,高消费潜力
1481,34,4,981.58,4,4,2,一般用户
1482,57,3,1129.04,3,3,3,一般用户
1483,141,1,651.99,2,1,2,流失风险
1485,205,2,258.25,1,2,1,流失风险
1486,178,1,1247.43,2,1,3,流失风险
1487,36,5,1501.18,4,4,3,一般用户
1488,47,2,531.69,4,2,1,新客培育
1489,15,3,2446.27,5,3,4,高消费潜力
149,2,8,4277.94,5,5,5,高价值用户
1490,224,1,283.62,1,1,1,流失风险
1491,198,3,974.64,1,3,2,流失风险
1493,192,2,1649.72,1,2,3,流失风险
1494,308,2,1015.68,1,2,2,流失风险
1495,10,5,4098.41,5,4,5,高价值用户
1496,69,3,1579.65,3,3,3,一般用户
1497,100,1,1354.77,3,1,3,一般用户
1499,34,3,621.31,4,3,2,一般用户
15,21,25,11595.36,5,5,5,高价值用户
150,22,3,735.97,5,3,2,一般用户
1500,178,1,289.44,2,1,1,流失风险
1501,185,1,80.34,1,1,1,流失风险
1502,61,4,1660.36,3,4,3,一般用户
1503,19,2,328.79,5,2,1,新客培育
1504,230,2,410.61,1,2,1,流失风险
1505,290,1,112.28,1,1,1,流失风险
1506,87,3,2248.09,3,3,4,高消费潜力
1507,110,2,2806.89,2,2,5,高消费潜力
1508,185,2,2028.27,1,2,4,高消费潜力
151,106,7,3847.97,2,5,5,沉睡高频用户
1510,190,1,108.81,1,1,1,流失风险
1511,166,2,759.08,2,2,2,流失风险
1512,255,2,739.3,1,2,2,流失风险
1513,10,2,799.21,5,2,2,新客培育
1514,131,3,353.09,2,3,1,流失风险
1515,56,6,2507.69,3,5,4,高消费潜力
1516,260,2,515.91,1,2,1,流失风险
1517,86,6,943.97,3,5,2,一般用户
1518,169,5,4330.24,2,4,5,沉睡高频用户
1519,96,4,912.17,3,4,2,一般用户
152,90,4,1556.88,3,4,3,一般用户
1520,45,1,243.04,4,1,1,新客培育
1521,98,2,1716.33,3,2,3,一般用户
1522,149,1,51.67,2,1,1,流失风险
1523,314,1,417.2,1,1,1,流失风险
1524,43,3,2883.46,4,3,5,高消费潜力
1525,105,2,205.75,2,2,1,流失风险
1526,110,3,1627.83,2,3,3,流失风险
1527,277,1,310.16,1,1,1,流失风险
1528,38,3,2342.49,4,3,4,高消费潜力
1529,82,3,1718.49,3,3,3,一般用户
153,43,8,2756.41,4,5,4,高价值用户
1531,64,2,2532.81,3,2,4,高消费潜力
1532,51,4,1536.51,4,4,3,一般用户
1533,108,3,282.08,2,3,1,流失风险
1534,335,2,1595.68,1,2,3,流失风险
1535,87,2,282.56,3,2,1,一般用户
1536,291,1,89.52,1,1,1,流失风险
1537,29,3,2068.92,4,3,4,高消费潜力
1538,18,5,1546.2,5,4,3,一般用户
1539,84,3,1703.75,3,3,3,一般用户
154,3,7,5061.13,5,5,5,高价值用户
1540,1,4,2388.39,5,4,4,高价值用户
1541,108,2,1743.84,2,2,3,流失风险
1542,54,5,1164.57,4,4,3,一般用户
1543,8,2,401.55,5,2,1,新客培育
1544,15,3,1578.48,5,3,3,一般用户
1545,23,3,1090.23,5,3,3,一般用户
1546,146,1,277.99,2,1,1,流失风险
1548,317,1,381.64,1,1,1,流失风险
1549,112,2,1734.68,2,2,3,流失风险
155,1,13,5753.11,5,5,5,高价值用户
1550,262,1,214.7,1,1,1,流失风险
1551,138,2,2690.9,2,2,4,高消费潜力
1552,52,2,400.18,4,2,1,新客培育
1553,10,5,7446.9,5,4,5,高价值用户
1554,331,1,192.94,1,1,1,流失风险
1555,159,1,302.31,2,1,1,流失风险
1556,53,1,244.5,4,1,1,新客培育
1557,206,4,2765.22,1,4,4,沉睡高频用户
1558,102,3,1032.54,3,3,2,一般用户
1559,295,1,313.02,1,1,1,流失风险
156,24,8,3431.1,5,5,5,高价值用户
1560,18,3,1757.42,5,3,4,高消费潜力
1562,86,3,982.59,3,3,2,一般用户
1563,339,1,747.74,1,1,2,流失风险
1564,125,2,1398.16,2,2,3,流失风险
1565,48,2,986.9,4,2,2,新客培育
1566,115,1,755.32,2,1,2,流失风险
1567,189,2,485.4,1,2,1,流失风险
1568,151,1,426.71,2,1,1,流失风险
1569,58,3,1336.53,3,3,3,一般用户
157,97,7,5446.53,3,5,5,高消费潜力
1570,178,1,637.83,2,1,2,流失风险
1571,21,2,267.52,5,2,1,新客培育
1572,161,2,1635.23,2,2,3,流失风险
1573,148,3,880.96,2,3,2,流失风险
1574,96,5,1442.54,3,4,3,一般用户
1575,46,1,691.28,4,1,2,新客培育
1577,49,3,1149.96,4,3,3,一般用户
1578,38,2,341.36,4,2,1,新客培育
1579,32,2,2496.6,4,2,4,新客培育
158,1,6,2494.78,5,5,4,高价值用户
1580,155,1,77.96,2,1,1,流失风险
1581,19,2,348.02,5,2,1,新客培育
1582,280,1,342.6,1,1,1,流失风险
1584,63,1,1393.68,3,1,3,一般用户
1585,166,3,1112.45,2,3,3,流失风险
1586,7,3,800.75,5,3,2,一般用户
1588,70,6,3720.39,3,5,5,高消费潜力
1589,105,1,122.13,2,1,1,流失风险
159,24,11,6374.68,5,5,5,高价值用户
1590,113,3,1564.41,2,3,3,流失风险
1591,13,3,479.05,5,3,1,一般用户
1593,57,2,1182.7,3,2,3,一般用户
1594,4,5,2473.28,5,4,4,高价值用户
1595,12,5,3942.85,5,4,5,高价值用户
1596,8,4,2015.32,5,4,4,高价值用户
1598,44,6,2511.43,4,5,4,高价值用户
1599,99,2,1496.75,3,2,3,一般用户
16,4,27,10646.81,5,5,5,高价值用户
160,163,7,5385.44,2,5,5,沉睡高频用户
1600,2,5,3702.04,5,4,5,高价值用户
1601,31,1,421.7,4,1,1,新客培育
1602,61,4,2667.69,3,4,4,高消费潜力
1603,5,3,1045.28,5,3,2,一般用户
1604,33,5,799.99,4,4,2,一般用户
1606,6,4,1952.56,5,4,4,高价值用户
1607,9,4,1882.77,5,4,4,高价值用户
1608,2,5,1504.75,5,4,3,一般用户
161,45,6,1814.61,4,5,4,高价值用户
1610,86,1,243.26,3,1,1,一般用户
1611,154,3,1619.33,2,3,3,流失风险
1612,90,2,1435.14,3,2,3,一般用户
1613,18,3,1031.86,5,3,2,一般用户
1614,126,4,1493.84,2,4,3,沉睡高频用户
1615,199,3,1444.6,1,3,3,流失风险
1616,14,2,632.12,5,2,2,新客培育
1617,72,3,2303.82,3,3,4,高消费潜力
1618,349,1,979.35,1,1,2,流失风险
1619,189,3,1565.41,1,3,3,流失风险
162,16,11,3976.27,5,5,5,高价值用户
1620,219,1,326.05,1,1,1,流失风险
1621,351,2,1669.72,1,2,3,流失风险
1622,33,4,2890.85,4,4,5,高价值用户
1623,29,4,2553.94,4,4,4,高价值用户
1624,117,3,1631.37,2,3,3,流失风险
1626,33,2,740.57,4,2,2,新客培育
1627,112,2,1619.75,2,2,3,流失风险
1628,112,1,567.92,2,1,2,流失风险
1629,239,4,1921.3,1,4,4,沉睡高频用户
163,56,3,716.52,3,3,2,一般用户
1630,91,4,2506.59,3,4,4,高消费潜力
1631,323,1,27.56,1,1,1,流失风险
1632,47,1,958.78,4,1,2,新客培育
1633,52,4,4178.22,4,4,5,高价值用户
1634,184,2,1053.95,1,2,2,流失风险
1635,198,1,777.98,1,1,2,流失风险
1636,38,7,5126.06,4,5,5,高价值用户
1637,62,1,299.22,3,1,1,一般用户
1638,239,1,292.0,1,1,1,流失风险
1639,94,2,239.74,3,2,1,一般用户
164,54,7,3430.79,4,5,5,高价值用户
1640,186,1,23.49,1,1,1,流失风险
1641,218,1,187.02,1,1,1,流失风险
1642,14,2,1066.35,5,2,2,新客培育
1643,224,1,129.52,1,1,1,流失风险
1644,83,2,3424.12,3,2,5,高消费潜力
1645,233,2,830.12,1,2,2,流失风险
1646,153,3,732.61,2,3,2,流失风险
1647,61,5,2464.97,3,4,4,高消费潜力
1648,175,1,1266.18,2,1,3,流失风险
1649,223,2,548.91,1,2,2,流失风险
165,11,9,5332.01,5,5,5,高价值用户
1650,264,1,701.16,1,1,2,流失风险
1651,140,2,1148.02,2,2,3,流失风险
1652,36,4,4880.8,4,4,5,高价值用户
1653,25,4,3504.82,4,4,5,高价值用户
1654,146,2,530.37,2,2,1,流失风险
1655,61,4,2453.35,3,4,4,高消费潜力
1656,6,2,222.59,5,2,1,新客培育
1657,129,2,1025.33,2,2,2,流失风险
1659,159,3,1006.56,2,3,2,流失风险
166,18,8,4574.82,5,5,5,高价值用户
1660,104,3,760.35,2,3,2,流失风险
1661,204,2,848.57,1,2,2,流失风险
1662,146,3,661.04,2,3,2,流失风险
1663,81,3,1071.0,3,3,3,一般用户
1665,6,6,2994.88,5,5,5,高价值用户
1666,243,2,2969.7,1,2,5,高消费潜力
1667,49,4,3962.91,4,4,5,高价值用户
1668,36,2,238.01,4,2,1,新客培育
167,50,5,874.84,4,4,2,一般用户
1670,19,2,402.54,5,2,1,新客培育
1671,166,2,760.26,2,2,2,流失风险
1672,114,3,681.57,2,3,2,流失风险
1673,20,3,1481.6,5,3,3,一般用户
1674,104,2,1753.95,2,2,3,流失风险
1675,100,1,24.5,3,1,1,一般用户
1676,14,2,1055.81,5,2,2,新客培育
1677,308,1,456.0,1,1,1,流失风险
1678,58,2,2282.07,3,2,4,高消费潜力
1679,55,1,1091.92,4,1,3,新客培育
168,6,6,4443.29,5,5,5,高价值用户
1680,246,2,874.74,1,2,2,流失风险
1681,97,1,493.32,3,1,1,一般用户
1682,24,4,796.52,5,4,2,一般用户
1683,184,2,433.2,1,2,1,流失风险
1684,69,5,1151.2,3,4,3,一般用户
1685,11,3,786.92,5,3,2,一般用户
1686,31,1,577.23,4,1,2,新客培育
1687,24,4,5507.58,5,4,5,高价值用户
1688,96,2,1466.33,3,2,3,一般用户
1689,97,4,2586.7,3,4,4,高消费潜力
169,74,8,3356.95,3,5,5,高消费潜力
1691,91,2,693.42,3,2,2,一般用户
1692,223,3,3357.45,1,3,5,高消费潜力
1693,9,3,304.47,5,3,1,一般用户
1695,46,8,4095.38,4,5,5,高价值用户
1696,165,3,1149.69,2,3,3,流失风险
1699,83,1,602.62,3,1,2,一般用户
17,23,31,16831.82,5,5,5,高价值用户
170,78,8,2667.97,3,5,4,高消费潜力
1700,54,2,1604.81,4,2,3,新客培育
1701,297,1,157.34,1,1,1,流失风险
1702,99,2,578.15,3,2,2,一般用户
1703,271,2,598.25,1,2,2,流失风险
1704,38,2,1093.14,4,2,3,新客培育
1705,124,1,751.62,2,1,2,流失风险
1706,31,2,1680.72,4,2,3,新客培育
1708,142,2,2120.02,2,2,4,高消费潜力
1709,141,2,1374.16,2,2,3,流失风险
171,92,5,1260.87,3,4,3,一般用户
1710,111,4,2946.22,2,4,5,沉睡高频用户
1711,62,2,487.83,3,2,1,一般用户
1712,99,1,562.23,3,1,2,一般用户
1713,192,2,1114.0,1,2,3,流失风险
1714,130,1,232.26,2,1,1,流失风险
1715,56,2,521.64,3,2,1,一般用户
1716,8,2,208.32,5,2,1,新客培育
1717,19,5,3306.58,5,4,5,高价值用户
1718,48,1,457.28,4,1,1,新客培育
1719,59,2,1266.3,3,2,3,一般用户
172,42,3,1525.22,4,3,3,一般用户
1720,201,1,1867.45,1,1,4,高消费潜力
1721,60,4,1656.57,3,4,3,一般用户
1722,23,5,1896.94,5,4,4,高价值用户
1723,23,4,614.29,5,4,2,一般用户
1724,30,6,3661.44,4,5,5,高价值用户
1725,14,2,455.41,5,2,1,新客培育
1726,63,1,499.41,3,1,1,一般用户
1727,24,5,2131.86,5,4,4,高价值用户
1728,305,1,451.66,1,1,1,流失风险
1729,40,5,2522.83,4,4,4,高价值用户
173,16,4,1745.09,5,4,3,一般用户
1730,12,5,4369.24,5,4,5,高价值用户
1731,94,3,1362.94,3,3,3,一般用户
1732,122,3,1839.2,2,3,4,高消费潜力
1733,23,2,2040.02,5,2,4,新客培育
1734,13,1,970.42,5,1,2,新客培育
1735,31,2,1281.93,4,2,3,新客培育
1736,86,3,813.71,3,3,2,一般用户
1737,58,6,3981.95,3,5,5,高消费潜力
1738,57,4,1319.97,3,4,3,一般用户
1739,73,2,1052.11,3,2,2,一般用户
174,111,5,2616.61,2,4,4,沉睡高频用户
1740,19,2,609.05,5,2,2,新客培育
1741,150,1,130.61,2,1,1,流失风险
1742,277,2,303.81,1,2,1,流失风险
1743,84,2,484.85,3,2,1,一般用户
1744,6,3,1046.58,5,3,2,一般用户
1746,187,2,716.08,1,2,2,流失风险
1747,219,2,602.99,1,2,2,流失风险
1748,192,3,1361.68,1,3,3,流失风险
1749,47,4,1931.24,4,4,4,高价值用户
175,1,7,4114.93,5,5,5,高价值用户
1750,161,4,1805.72,2,4,4,沉睡高频用户
1751,126,2,2774.9,2,2,4,高消费潜力
1752,243,1,135.82,1,1,1,流失风险
1753,111,2,2673.75,2,2,4,高消费潜力
1754,36,3,1815.24,4,3,4,高消费潜力
1755,251,1,49.66,1,1,1,流失风险
1756,314,1,2353.35,1,1,4,高消费潜力
1757,125,2,501.83,2,2,1,流失风险
1758,121,3,961.24,2,3,2,流失风险
1759,230,1,2463.8,1,1,4,高消费潜力
176,164,6,4001.22,2,5,5,沉睡高频用户
1760,73,3,940.11,3,3,2,一般用户
1761,181,1,405.06,2,1,1,流失风险
1762,53,4,2811.5,4,4,5,高价值用户
1763,29,3,2145.73,4,3,4,高消费潜力
1764,200,1,237.71,1,1,1,流失风险
1765,169,2,413.37,2,2,1,流失风险
1766,86,1,97.26,3,1,1,一般用户
1767,267,1,269.68,1,1,1,流失风险
1768,84,3,1570.4,3,3,3,一般用户
1769,89,2,873.39,3,2,2,一般用户
177,44,6,3358.75,4,5,5,高价值用户
1770,97,2,542.39,3,2,2,一般用户
1771,166,2,655.08,2,2,2,流失风险
1772,30,4,2582.99,4,4,4,高价值用户
1775,293,1,273.6,1,1,1,流失风险
1776,11,1,619.7,5,1,2,新客培育
1779,91,2,883.86,3,2,2,一般用户
178,51,5,3842.8,4,4,5,高价值用户
1781,311,1,436.92,1,1,1,流失风险
1782,91,2,888.43,3,2,2,一般用户
1783,40,2,343.64,4,2,1,新客培育
1784,243,4,1645.31,1,4,3,沉睡高频用户
1785,85,2,2031.93,3,2,4,高消费潜力
1786,164,1,715.72,2,1,2,流失风险
1787,61,3,2018.49,3,3,4,高消费潜力
1788,35,4,2271.47,4,4,4,高价值用户
1789,233,1,1041.63,1,1,2,流失风险
179,87,7,5467.43,3,5,5,高消费潜力
1790,81,2,867.14,3,2,2,一般用户
1791,12,3,2350.82,5,3,4,高消费潜力
1792,1,3,590.21,5,3,2,一般用户
1793,94,4,2151.2,3,4,4,高消费潜力
1795,104,4,1300.06,2,4,3,沉睡高频用户
1796,68,2,373.76,3,2,1,一般用户
1798,48,3,1671.34,4,3,3,一般用户
1799,56,3,1088.85,3,3,3,一般用户
18,6,17,8939.56,5,5,5,高价值用户
180,8,6,2888.54,5,5,5,高价值用户
1801,35,2,883.9,4,2,2,新客培育
1802,52,2,1359.12,4,2,3,新客培育
1803,80,3,632.06,3,3,2,一般用户
1804,92,2,1813.93,3,2,4,高消费潜力
1806,313,1,692.62,1,1,2,流失风险
1807,189,1,781.24,1,1,2,流失风险
1809,145,2,2306.38,2,2,4,高消费潜力
181,112,3,1927.98,2,3,4,高消费潜力
1810,40,3,1188.66,4,3,3,一般用户
1812,259,1,131.83,1,1,1,流失风险
1813,354,1,277.44,1,1,1,流失风险
1814,90,2,471.7,3,2,1,一般用户
1815,91,1,852.78,3,1,2,一般用户
1816,156,5,2409.19,2,4,4,沉睡高频用户
1817,104,4,2220.49,2,4,4,沉睡高频用户
1818,42,3,2981.15,4,3,5,高消费潜力
182,8,7,4782.08,5,5,5,高价值用户
1820,129,2,1366.36,2,2,3,流失风险
1821,12,2,957.92,5,2,2,新客培育
1822,116,4,1457.82,2,4,3,沉睡高频用户
1823,121,3,2724.78,2,3,4,高消费潜力
1824,19,3,3373.39,5,3,5,高消费潜力
1825,35,6,3961.3,4,5,5,高价值用户
1826,25,2,1336.45,4,2,3,新客培育
1828,102,3,918.24,3,3,2,一般用户
1829,349,1,2737.56,1,1,4,高消费潜力
183,1,10,6273.6,5,5,5,高价值用户
1830,20,6,2174.54,5,5,4,高价值用户
1831,77,2,999.95,3,2,2,一般用户
1832,56,5,2704.35,3,4,4,高消费潜力
1833,13,3,1762.11,5,3,4,高消费潜力
1835,53,4,829.33,4,4,2,一般用户
1836,18,6,1981.98,5,5,4,高价值用户
1838,208,2,992.1,1,2,2,流失风险
1839,226,1,761.62,1,1,2,流失风险
184,153,9,4287.26,2,5,5,沉睡高频用户
1840,150,3,1030.66,2,3,2,流失风险
1842,54,2,867.41,4,2,2,新客培育
1843,110,3,1492.47,2,3,3,流失风险
1844,50,3,1779.99,4,3,4,高消费潜力
1845,44,4,1930.58,4,4,4,高价值用户
1847,332,1,28.85,1,1,1,流失风险
1849,164,1,243.07,2,1,1,流失风险
185,51,4,1119.44,4,4,3,一般用户
1850,146,4,696.27,2,4,2,沉睡高频用户
1852,319,1,51.18,1,1,1,流失风险
1853,69,2,465.94,3,2,1,一般用户
1854,31,4,3296.63,4,4,5,高价值用户
1855,181,2,136.16,2,2,1,流失风险
1856,42,2,378.95,4,2,1,新客培育
1857,4,5,5215.87,5,4,5,高价值用户
1858,103,3,1440.7,3,3,3,一般用户
1859,272,2,2516.25,1,2,4,高消费潜力
186,13,7,3420.76,5,5,5,高价值用户
1860,126,5,2619.37,2,4,4,沉睡高频用户
1861,290,2,1073.16,1,2,3,流失风险
1862,224,2,345.64,1,2,1,流失风险
1863,13,3,861.57,5,3,2,一般用户
1864,292,2,759.93,1,2,2,流失风险
1865,140,5,2423.77,2,4,4,沉睡高频用户
1866,295,1,211.76,1,1,1,流失风险
1867,212,1,23.97,1,1,1,流失风险
1868,215,1,203.19,1,1,1,流失风险
187,75,7,5233.65,3,5,5,高消费潜力
1870,212,2,1116.78,1,2,3,流失风险
1871,220,1,1866.0,1,1,4,高消费潜力
1872,1,5,1617.6,5,4,3,一般用户
1873,314,1,340.74,1,1,1,流失风险
1874,245,1,16.02,1,1,1,流失风险
1875,318,1,201.66,1,1,1,流失风险
1876,128,1,429.02,2,1,1,流失风险
1877,61,2,2704.51,3,2,4,高消费潜力
1879,21,2,430.54,5,2,1,新客培育
188,49,6,1046.77,4,5,2,一般用户
1880,57,2,1475.89,3,2,3,一般用户
1881,122,3,1743.83,2,3,3,流失风险
1882,117,2,653.54,2,2,2,流失风险
1883,16,1,125.42,5,1,1,新客培育
1884,39,3,2815.86,4,3,5,高消费潜力
1885,221,2,1412.77,1,2,3,流失风险
1886,53,2,1497.0,4,2,3,新客培育
1887,131,4,4452.42,2,4,5,沉睡高频用户
1888,39,4,774.35,4,4,2,一般用户
1889,103,1,278.66,3,1,1,一般用户
189,152,5,2223.48,2,4,4,沉睡高频用户
1890,32,3,1167.73,4,3,3,一般用户
1891,89,4,1249.04,3,4,3,一般用户
1892,146,1,935.36,2,1,2,流失风险
1893,22,3,1432.77,5,3,3,一般用户
1894,41,6,2039.29,4,5,4,高价值用户
1895,153,1,114.91,2,1,1,流失风险
1896,202,2,473.76,1,2,1,流失风险
1897,65,2,948.97,3,2,2,一般用户
1898,79,2,966.35,3,2,2,一般用户
1899,55,2,380.84,3,2,1,一般用户
19,30,17,6969.42,4,5,5,高价值用户
190,55,6,1397.9,3,5,3,一般用户
1900,303,1,401.65,1,1,1,流失风险
1901,88,3,2805.14,3,3,5,高消费潜力
1902,65,2,1783.13,3,2,4,高消费潜力
1903,44,5,2646.26,4,5,4,高价值用户
1904,106,2,1392.38,2,2,3,流失风险
1906,52,3,3445.91,4,3,5,高消费潜力
1907,320,1,59.49,1,1,1,流失风险
1908,142,2,1046.78,2,2,2,流失风险
1909,2,3,1306.18,5,3,3,一般用户
191,190,3,1956.54,1,3,4,高消费潜力
1910,48,1,753.24,4,1,2,新客培育
1911,249,3,257.99,1,3,1,流失风险
1913,153,1,178.04,2,1,1,流失风险
1915,35,2,1625.33,4,2,3,新客培育
1916,47,4,3238.3,4,4,5,高价值用户
1917,227,1,142.34,1,1,1,流失风险
1918,209,1,12.13,1,1,1,流失风险
1919,335,1,411.0,1,1,1,流失风险
192,237,2,714.0,1,2,2,流失风险
1920,150,3,1639.67,2,3,3,流失风险
1922,130,1,302.64,2,1,1,流失风险
1923,11,2,1412.58,5,2,3,新客培育
1924,35,3,724.58,4,3,2,一般用户
1925,58,1,328.64,3,1,1,一般用户
1926,305,2,758.9,1,2,2,流失风险
1927,311,1,784.68,1,1,2,流失风险
1928,139,2,1712.2,2,2,3,流失风险
1929,114,3,3886.33,2,3,5,高消费潜力
193,250,3,569.29,1,3,2,流失风险
1930,146,1,1461.69,2,1,3,流失风险
1932,48,3,674.66,4,3,2,一般用户
1933,45,3,1658.46,4,3,3,一般用户
1934,96,2,1093.09,3,2,3,一般用户
1935,52,3,1781.82,4,3,4,高消费潜力
1936,38,4,1437.81,4,4,3,一般用户
1937,45,2,911.02,4,2,2,新客培育
1938,362,1,56.32,1,1,1,流失风险
1939,45,4,1628.84,4,4,3,一般用户
194,4,10,4859.55,5,5,5,高价值用户
1940,61,5,2477.21,3,5,4,高消费潜力
1941,177,4,1251.86,2,4,3,沉睡高频用户
1942,19,2,950.06,5,2,2,新客培育
1943,331,1,226.53,1,1,1,流失风险
1944,10,2,770.0,5,2,2,新客培育
1945,89,3,2940.58,3,3,5,高消费潜力
1947,94,3,1907.14,3,3,4,高消费潜力
1949,187,1,241.98,1,1,1,流失风险
195,86,9,4464.71,3,5,5,高消费潜力
1950,104,3,1149.47,2,3,3,流失风险
1951,9,2,712.07,5,2,2,新客培育
1952,118,2,766.93,2,2,2,流失风险
1953,117,1,451.63,2,1,1,流失风险
1954,44,3,1689.43,4,3,3,一般用户
1955,17,3,1319.97,5,3,3,一般用户
1956,351,1,183.24,1,1,1,流失风险
1957,57,3,4140.6,3,3,5,高消费潜力
1958,357,1,48.71,1,1,1,流失风险
1959,51,3,4726.59,4,3,5,高消费潜力
196,4,5,1483.89,5,5,3,一般用户
1960,105,4,650.32,2,4,2,沉睡高频用户
1961,224,1,835.06,1,1,2,流失风险
1962,171,3,2275.0,2,3,4,高消费潜力
1963,202,3,1960.03,1,3,4,高消费潜力
1964,33,2,1048.43,4,2,2,新客培育
1965,98,2,427.76,3,2,1,一般用户
1966,39,1,499.92,4,1,1,新客培育
1967,88,4,2573.93,3,4,4,高消费潜力
1969,149,2,902.24,2,2,2,流失风险
197,24,9,1763.23,5,5,4,高价值用户
1971,72,2,1200.18,3,2,3,一般用户
1972,158,3,1659.01,2,3,3,流失风险
1973,90,3,2220.53,3,3,4,高消费潜力
1974,105,3,1504.76,2,3,3,流失风险
1975,28,2,1285.55,4,2,3,新客培育
1977,249,2,325.45,1,2,1,流失风险
1978,84,4,2190.39,3,4,4,高消费潜力
198,71,12,5299.02,3,5,5,高消费潜力
1980,61,1,319.41,3,1,1,一般用户
1981,245,2,1114.31,1,2,3,流失风险
1984,34,2,1326.51,4,2,3,新客培育
1986,194,1,287.74,1,1,1,流失风险
1988,91,1,650.1,3,1,2,一般用户
1989,72,2,1675.65,3,2,3,一般用户
199,123,6,1269.13,2,5,3,沉睡高频用户
1990,297,1,1340.79,1,1,3,流失风险
1991,306,1,393.1,1,1,1,流失风险
1992,328,1,91.14,1,1,1,流失风险
1994,103,2,1018.25,3,2,2,一般用户
1995,72,5,2722.23,3,5,4,高消费潜力
1997,10,5,2549.27,5,5,4,高价值用户
1998,202,1,34.36,1,1,1,流失风险
1999,64,6,2747.05,3,5,4,高消费潜力
2,11,49,25766.89,5,5,5,高价值用户
20,31,20,9240.53,4,5,5,高价值用户
200,155,10,7050.94,2,5,5,沉睡高频用户
2000,2,3,649.58,5,3,2,一般用户
2002,5,3,3272.39,5,3,5,高消费潜力
2004,91,2,753.02,3,2,2,一般用户
2005,154,2,50.58,2,2,1,流失风险
2006,325,1,172.28,1,1,1,流失风险
2007,82,3,4954.04,3,3,5,高消费潜力
2008,156,2,1017.52,2,2,2,流失风险
201,53,3,1067.85,4,3,2,一般用户
2010,50,1,247.44,4,1,1,新客培育
2011,67,1,15.33,3,1,1,一般用户
2012,113,2,1286.22,2,2,3,流失风险
2013,28,2,422.08,4,2,1,新客培育
2014,300,1,97.6,1,1,1,流失风险
2015,37,6,3182.21,4,5,5,高价值用户
2016,33,2,1350.3,4,2,3,新客培育
2018,26,2,1097.98,4,2,3,新客培育
2019,347,1,565.0,1,1,2,流失风险
202,29,4,2523.24,4,4,4,高价值用户
2020,223,1,717.12,1,1,2,流失风险
2021,25,4,2067.3,4,4,4,高价值用户
2022,25,4,1982.85,4,4,4,高价值用户
2023,103,2,2070.81,3,2,4,高消费潜力
2024,179,1,1827.24,2,1,4,高消费潜力
2027,42,3,3582.9,4,3,5,高消费潜力
2028,81,2,1679.7,3,2,3,一般用户
2029,66,3,1759.7,3,3,4,高消费潜力
203,5,8,6241.66,5,5,5,高价值用户
2031,31,6,1582.08,4,5,3,一般用户
2032,309,2,1200.24,1,2,3,流失风险
2033,212,4,1432.02,1,4,3,沉睡高频用户
2034,296,2,1169.01,1,2,3,流失风险
2035,313,1,306.28,1,1,1,流失风险
2037,183,1,939.68,2,1,2,流失风险
2038,44,3,1546.68,4,3,3,一般用户
2039,53,1,249.69,4,1,1,新客培育
204,87,10,6184.64,3,5,5,高消费潜力
2040,40,2,334.14,4,2,1,新客培育
2041,66,4,2133.05,3,4,4,高消费潜力
2042,178,3,1574.83,2,3,3,流失风险
2043,9,4,2701.31,5,4,4,高价值用户
2044,38,4,2446.54,4,4,4,高价值用户
2045,213,1,1521.16,1,1,3,流失风险
2046,83,1,140.92,3,1,1,一般用户
2047,267,2,1526.68,1,2,3,流失风险
2048,6,2,1783.62,5,2,4,新客培育
2049,73,2,769.9,3,2,2,一般用户
205,232,5,2531.37,1,5,4,沉睡高频用户
2051,154,2,2301.66,2,2,4,高消费潜力
2052,25,2,717.62,4,2,2,新客培育
2053,5,3,1836.32,5,3,4,高消费潜力
2054,238,1,98.82,1,1,1,流失风险
2055,50,3,5000.95,4,3,5,高消费潜力
2056,40,3,1704.27,4,3,3,一般用户
2057,91,3,971.3,3,3,2,一般用户
2058,129,3,872.86,2,3,2,流失风险
2059,115,2,183.38,2,2,1,流失风险
206,11,4,1784.18,5,4,4,高价值用户
2060,193,2,1033.96,1,2,2,流失风险
2061,3,2,640.82,5,2,2,新客培育
2062,140,1,321.13,2,1,1,流失风险
2063,208,3,761.38,1,3,2,流失风险
2065,141,1,1171.08,2,1,3,流失风险
2066,89,2,537.07,3,2,2,一般用户
2067,58,2,776.63,3,2,2,一般用户
2068,69,3,687.94,3,3,2,一般用户
2069,353,1,807.69,1,1,2,流失风险
207,126,3,992.17,2,3,2,流失风险
2070,116,4,1551.37,2,4,3,沉睡高频用户
2071,117,5,2405.08,2,5,4,沉睡高频用户
2072,207,2,1560.96,1,2,3,流失风险
2073,57,4,1872.38,3,4,4,高消费潜力
2074,88,3,1045.34,3,3,2,一般用户
2075,155,3,887.76,2,3,2,流失风险
2076,233,1,335.78,1,1,1,流失风险
2078,27,4,1417.0,4,4,3,一般用户
2079,17,3,2095.71,5,3,4,高消费潜力
208,43,7,3113.89,4,5,5,高价值用户
2080,12,3,912.67,5,3,2,一般用户
2081,113,2,435.68,2,2,1,流失风险
2082,319,2,929.94,1,2,2,流失风险
2083,96,2,922.62,3,2,2,一般用户
2084,52,6,3049.75,4,5,5,高价值用户
2085,29,1,356.5,4,1,1,新客培育
2086,144,1,458.27,2,1,1,流失风险
2087,143,1,752.18,2,1,2,流失风险
2088,220,1,1504.36,1,1,3,流失风险
2089,156,3,1238.43,2,3,3,流失风险
209,26,9,5342.62,4,5,5,高价值用户
2090,275,2,797.18,1,2,2,流失风险
2091,26,2,694.53,4,2,2,新客培育
2092,237,1,174.48,1,1,1,流失风险
2093,115,2,1697.97,2,2,3,流失风险
2095,353,1,473.22,1,1,1,流失风险
2096,296,1,1428.0,1,1,3,流失风险
2097,95,2,1067.25,3,2,2,一般用户
2098,3,1,480.96,5,1,1,新客培育
2099,52,2,661.44,4,2,2,新客培育
21,4,22,12564.99,5,5,5,高价值用户
210,171,5,3829.99,2,5,5,沉睡高频用户
2101,202,3,2672.14,1,3,4,高消费潜力
2102,72,4,1592.45,3,4,3,一般用户
2103,108,2,3315.1,2,2,5,高消费潜力
2105,25,2,1188.48,4,2,3,新客培育
2106,41,3,843.95,4,3,2,一般用户
2107,142,3,676.56,2,3,2,流失风险
2108,109,2,1076.13,2,2,3,流失风险
2109,230,2,957.61,1,2,2,流失风险
211,157,7,6214.85,2,5,5,沉睡高频用户
2110,214,1,366.09,1,1,1,流失风险
2111,245,4,875.12,1,4,2,沉睡高频用户
2112,104,2,1733.18,2,2,3,流失风险
2113,10,1,620.07,5,1,2,新客培育
2114,4,4,2155.33,5,4,4,高价值用户
2115,58,3,1756.24,3,3,4,高消费潜力
2116,64,3,930.63,3,3,2,一般用户
2117,210,1,155.58,1,1,1,流失风险
2118,91,1,669.04,3,1,2,一般用户
2119,178,3,1026.89,2,3,2,流失风险
212,53,5,1795.64,4,5,4,高价值用户
2120,143,3,3178.4,2,3,5,高消费潜力
2121,244,4,2544.25,1,4,4,沉睡高频用户
2122,176,3,1562.44,2,3,3,流失风险
2123,155,3,2448.37,2,3,4,高消费潜力
2124,167,1,347.07,2,1,1,流失风险
2125,265,1,231.44,1,1,1,流失风险
2126,19,2,1504.46,5,2,3,新客培育
2128,82,2,690.95,3,2,2,一般用户
2129,58,3,2148.34,3,3,4,高消费潜力
213,56,6,3182.06,3,5,5,高消费潜力
2130,87,2,955.7,3,2,2,一般用户
2131,308,1,77.51,1,1,1,流失风险
2132,67,3,1808.08,3,3,4,高消费潜力
2133,209,2,1423.42,1,2,3,流失风险
2134,2,2,1444.5,5,2,3,新客培育
2135,338,1,363.75,1,1,1,流失风险
2136,91,1,179.84,3,1,1,一般用户
2137,44,4,1968.46,4,4,4,高价值用户
2138,98,2,1167.56,3,2,3,一般用户
2139,17,3,1473.08,5,3,3,一般用户
214,16,6,3019.15,5,5,5,高价值用户
2140,346,1,280.15,1,1,1,流失风险
2141,38,1,875.48,4,1,2,新客培育
2144,270,2,2235.39,1,2,4,高消费潜力
2145,352,1,697.18,1,1,2,流失风险
2146,345,2,842.78,1,2,2,流失风险
2147,143,3,1326.62,2,3,3,流失风险
2148,185,2,1381.76,1,2,3,流失风险
2149,46,2,2562.12,4,2,4,新客培育
215,139,4,3249.44,2,4,5,沉睡高频用户
2150,321,1,135.72,1,1,1,流失风险
2151,96,2,1480.46,3,2,3,一般用户
2152,146,2,2521.11,2,2,4,高消费潜力
2153,24,4,2355.33,5,4,4,高价值用户
2156,12,1,124.03,5,1,1,新客培育
2158,73,5,3106.63,3,5,5,高消费潜力
2159,32,6,5359.03,4,5,5,高价值用户
216,59,7,5685.64,3,5,5,高消费潜力
2160,79,1,673.14,3,1,2,一般用户
2161,121,2,432.99,2,2,1,流失风险
2162,350,1,49.13,1,1,1,流失风险
2163,8,1,1064.3,5,1,2,新客培育
2164,244,1,177.84,1,1,1,流失风险
2165,73,3,1201.8,3,3,3,一般用户
2166,281,2,1140.45,1,2,3,流失风险
2167,67,1,73.5,3,1,1,一般用户
2168,38,4,1606.52,4,4,3,一般用户
2169,79,2,528.06,3,2,1,一般用户
217,2,3,2437.22,5,3,4,高消费潜力
2170,67,3,1999.58,3,3,4,高消费潜力
2171,95,2,549.73,3,2,2,一般用户
2172,239,2,656.92,1,2,2,流失风险
2174,45,3,2094.73,4,3,4,高消费潜力
2175,96,4,4062.74,3,4,5,高消费潜力
2176,334,1,900.18,1,1,2,流失风险
2177,90,3,1244.2,3,3,3,一般用户
2179,12,2,1399.3,5,2,3,新客培育
218,50,7,4117.01,4,5,5,高价值用户
2180,166,1,1154.0,2,1,3,流失风险
2181,27,2,1189.57,4,2,3,新客培育
2182,39,4,2317.85,4,4,4,高价值用户
2183,31,3,1174.38,4,3,3,一般用户
2184,243,2,993.99,1,2,2,流失风险
2185,41,1,420.44,4,1,1,新客培育
2186,71,2,1733.59,3,2,3,一般用户
2189,69,3,2321.2,3,3,4,高消费潜力
219,30,6,4245.92,4,5,5,高价值用户
2190,36,3,1755.47,4,3,4,高消费潜力
2191,98,2,1430.22,3,2,3,一般用户
2192,5,2,3185.7,5,2,5,新客培育
2193,28,3,1523.19,4,3,3,一般用户
2194,115,2,241.79,2,2,1,流失风险
2195,24,1,357.8,5,1,1,新客培育
2196,174,3,1737.52,2,3,3,流失风险
2197,20,6,3534.22,5,5,5,高价值用户
2198,196,2,1275.29,1,2,3,流失风险
22,8,21,8688.65,5,5,5,高价值用户
220,22,7,2460.15,5,5,4,高价值用户
2200,76,3,943.02,3,3,2,一般用户
2201,2,4,3162.06,5,4,5,高价值用户
2202,216,1,371.86,1,1,1,流失风险
2203,54,2,1506.02,4,2,3,新客培育
2204,36,5,4153.47,4,5,5,高价值用户
2205,280,4,3289.78,1,4,5,沉睡高频用户
2206,105,2,334.02,2,2,1,流失风险
2207,99,1,424.1,3,1,1,一般用户
2208,121,3,1517.07,2,3,3,流失风险
2209,160,2,239.74,2,2,1,流失风险
221,23,6,3235.66,5,5,5,高价值用户
2210,15,3,1572.59,5,3,3,一般用户
2211,281,1,1431.18,1,1,3,流失风险
2212,316,1,71.91,1,1,1,流失风险
2213,18,5,2832.78,5,5,5,高价值用户
2215,89,2,902.86,3,2,2,一般用户
2217,149,1,37.99,2,1,1,流失风险
2218,263,1,1740.48,1,1,3,流失风险
2219,281,1,392.99,1,1,1,流失风险
222,39,5,1422.91,4,5,3,一般用户
2220,94,3,1264.35,3,3,3,一般用户
2222,122,3,1590.16,2,3,3,流失风险
2223,37,5,2418.25,4,5,4,高价值用户
2224,352,1,2214.25,1,1,4,高消费潜力
2225,96,2,1267.0,3,2,3,一般用户
2226,172,2,2262.64,2,2,4,高消费潜力
2227,87,1,447.96,3,1,1,一般用户
2228,108,3,792.77,2,3,2,流失风险
2229,325,2,421.37,1,2,1,流失风险
223,40,9,5714.26,4,5,5,高价值用户
2230,71,1,251.53,3,1,1,一般用户
2231,256,1,75.69,1,1,1,流失风险
2232,22,1,2050.38,5,1,4,新客培育
2233,147,2,251.73,2,2,1,流失风险
2234,136,1,86.06,2,1,1,流失风险
2235,149,1,407.1,2,1,1,流失风险
2236,60,2,765.74,3,2,2,一般用户
2238,202,3,326.91,1,3,1,流失风险
2239,15,3,3636.77,5,3,5,高消费潜力
224,84,6,3425.8,3,5,5,高消费潜力
2240,18,2,382.81,5,2,1,新客培育
2241,158,2,2096.74,2,2,4,高消费潜力
2242,250,3,1742.43,1,3,3,流失风险
2243,191,2,511.7,1,2,1,流失风险
2244,108,5,3746.06,2,5,5,沉睡高频用户
2246,133,1,171.39,2,1,1,流失风险
2247,203,1,1202.88,1,1,3,流失风险
2249,226,2,1822.52,1,2,4,高消费潜力
225,47,5,3335.52,4,5,5,高价值用户
2250,306,1,170.0,1,1,1,流失风险
2251,14,3,917.64,5,3,2,一般用户
2252,24,4,1475.22,5,4,3,一般用户
2253,228,1,1232.6,1,1,3,流失风险
2255,185,1,119.75,1,1,1,流失风险
2256,94,4,2156.54,3,4,4,高消费潜力
2257,103,3,1607.85,3,3,3,一般用户
2258,183,2,1546.26,2,2,3,流失风险
2259,159,2,508.59,2,2,1,流失风险
226,146,3,861.01,2,3,2,流失风险
2260,168,2,2702.42,2,2,4,高消费潜力
2261,260,1,169.41,1,1,1,流失风险
2263,145,2,1461.37,2,2,3,流失风险
2264,108,1,421.36,2,1,1,流失风险
2266,92,1,384.47,3,1,1,一般用户
2267,149,1,439.9,2,1,1,流失风险
2269,119,2,715.75,2,2,2,流失风险
227,72,3,743.42,3,3,2,一般用户
2271,2,2,500.01,5,2,1,新客培育
2272,183,2,1274.04,2,2,3,流失风险
2273,11,4,3954.81,5,4,5,高价值用户
2274,10,4,2293.41,5,4,4,高价值用户
2276,142,2,1716.22,2,2,3,流失风险
2278,55,3,1265.67,3,3,3,一般用户
2279,76,1,736.16,3,1,2,一般用户
228,9,5,4478.67,5,5,5,高价值用户
2282,210,1,1647.8,1,1,3,流失风险
2283,192,1,858.24,1,1,2,流失风险
2284,34,2,473.56,4,2,1,新客培育
2286,87,3,430.59,3,3,1,一般用户
2288,242,2,890.36,1,2,2,流失风险
229,20,12,5327.74,5,5,5,高价值用户
2292,35,1,229.24,4,1,1,新客培育
2293,77,1,792.34,3,1,2,一般用户
2294,213,1,821.72,1,1,2,流失风险
2296,59,3,1503.02,3,3,3,一般用户
2297,92,2,586.0,3,2,2,一般用户
2298,14,2,2163.67,5,2,4,新客培育
2299,18,2,911.03,5,2,2,新客培育
23,11,19,10435.88,5,5,5,高价值用户
230,131,5,1639.14,2,5,3,沉睡高频用户
2300,68,2,1008.92,3,2,2,一般用户
2301,53,3,2953.25,4,3,5,高消费潜力
2302,271,1,376.88,1,1,1,流失风险
2304,218,1,1404.65,1,1,3,流失风险
2305,56,4,2067.3,3,4,4,高消费潜力
2306,34,2,657.04,4,2,2,新客培育
2307,270,1,191.27,1,1,1,流失风险
2308,145,1,382.08,2,1,1,流失风险
231,22,3,2209.53,5,3,4,高消费潜力
2310,121,3,1200.73,2,3,3,流失风险
2311,9,3,147.82,5,3,1,一般用户
2312,167,1,474.57,2,1,1,流失风险
2313,78,1,117.56,3,1,1,一般用户
2314,9,4,1759.63,5,4,4,高价值用户
2315,115,3,2247.27,2,3,4,高消费潜力
2317,18,3,2124.93,5,3,4,高消费潜力
2318,32,6,3374.56,4,5,5,高价值用户
2319,20,7,2563.95,5,5,4,高价值用户
232,9,7,2916.05,5,5,5,高价值用户
2321,33,2,572.82,4,2,2,新客培育
2327,235,2,798.44,1,2,2,流失风险
2328,125,1,947.94,2,1,2,流失风险
2329,164,2,1242.26,2,2,3,流失风险
233,50,7,1992.25,4,5,4,高价值用户
2330,8,2,1098.33,5,2,3,新客培育
2331,21,3,964.47,5,3,2,一般用户
2332,266,1,236.0,1,1,1,流失风险
2333,161,4,2363.7,2,4,4,沉睡高频用户
2335,31,1,1168.44,4,1,3,新客培育
2336,26,2,1975.8,4,2,4,新客培育
2338,28,1,460.53,4,1,1,新客培育
234,54,9,4824.38,4,5,5,高价值用户
2340,68,3,1389.0,3,3,3,一般用户
2341,24,1,886.68,4,1,2,新客培育
2342,128,3,2112.83,2,3,4,高消费潜力
2344,320,1,296.43,1,1,1,流失风险
2345,5,3,1141.42,5,3,3,一般用户
2346,87,4,1686.37,3,4,3,一般用户
2347,162,1,96.96,2,1,1,流失风险
2348,116,1,404.87,2,1,1,流失风险
2349,103,1,1082.08,3,1,3,一般用户
235,7,7,4317.79,5,5,5,高价值用户
2350,334,2,2582.81,1,2,4,高消费潜力
2351,26,4,1984.97,4,4,4,高价值用户
2352,237,1,547.65,1,1,2,流失风险
2355,198,3,2110.15,1,3,4,高消费潜力
2356,160,2,1145.6,2,2,3,流失风险
2357,82,3,2150.92,3,3,4,高消费潜力
2358,96,2,1249.38,3,2,3,一般用户
236,44,5,3188.16,4,5,5,高价值用户
2360,153,4,3091.71,2,4,5,沉睡高频用户
2361,69,2,919.31,3,2,2,一般用户
2362,68,5,2833.32,3,5,5,高消费潜力
2363,252,1,225.59,1,1,1,流失风险
2364,84,1,490.46,3,1,1,一般用户
2365,28,4,2145.55,4,4,4,高价值用户
2367,15,5,2465.52,5,5,4,高价值用户
2368,195,1,548.58,1,1,2,流失风险
2369,334,1,19.74,1,1,1,流失风险
237,138,3,285.17,2,3,1,流失风险
2370,60,2,705.88,3,2,2,一般用户
2371,16,1,298.1,5,1,1,新客培育
2372,142,1,232.07,2,1,1,流失风险
2373,278,1,33.36,1,1,1,流失风险
2374,150,2,1220.98,2,2,3,流失风险
2375,146,1,324.6,2,1,1,流失风险
2376,196,2,2352.43,1,2,4,高消费潜力
2377,122,2,999.93,2,2,2,流失风险
2378,311,2,335.5,1,2,1,流失风险
2379,77,2,704.26,3,2,2,一般用户
238,32,9,6535.6,4,5,5,高价值用户
2380,12,1,240.42,5,1,1,新客培育
2382,10,2,412.98,5,2,1,新客培育
2383,84,3,1020.81,3,3,2,一般用户
2384,120,2,817.9,2,2,2,流失风险
2385,168,5,2939.53,2,5,5,沉睡高频用户
2386,34,3,2412.41,4,3,4,高消费潜力
2387,171,1,205.89,2,1,1,流失风险
2388,43,2,570.71,4,2,2,新客培育
2389,154,2,147.14,2,2,1,流失风险
239,20,13,6563.08,5,5,5,高价值用户
2390,189,2,678.16,1,2,2,流失风险
2392,6,3,2894.9,5,3,5,高消费潜力
2394,132,3,1425.19,2,3,3,流失风险
2396,47,2,725.19,4,2,2,新客培育
2397,55,1,866.16,3,1,2,一般用户
2398,83,4,2873.68,3,4,5,高消费潜力
2399,116,2,429.63,2,2,1,流失风险
24,37,20,12433.34,4,5,5,高价值用户
240,19,3,1855.33,5,3,4,高消费潜力
2400,178,1,923.88,2,1,2,流失风险
2401,43,1,375.98,4,1,1,新客培育
2402,28,3,664.3,4,3,2,一般用户
2404,65,3,730.13,3,3,2,一般用户
2405,131,4,878.47,2,4,2,沉睡高频用户
2406,24,2,1812.75,4,2,4,新客培育
2407,88,3,2075.84,3,3,4,高消费潜力
2409,345,1,13.06,1,1,1,流失风险
241,228,2,450.8,1,2,1,流失风险
2410,9,2,739.57,5,2,2,新客培育
2411,191,1,119.07,1,1,1,流失风险
2412,12,3,1831.63,5,3,4,高消费潜力
2413,11,3,309.85,5,3,1,一般用户
2414,70,1,998.46,3,1,2,一般用户
2416,42,4,1737.03,4,4,3,一般用户
2417,8,4,2304.49,5,4,4,高价值用户
2418,170,2,968.29,2,2,2,流失风险
242,6,7,3574.6,5,5,5,高价值用户
2420,94,1,353.97,3,1,1,一般用户
2421,16,2,597.6,5,2,2,新客培育
2422,271,3,2394.06,1,3,4,高消费潜力
2423,139,1,955.4,2,1,2,流失风险
2424,146,2,2038.1,2,2,4,高消费潜力
2425,95,3,1742.8,3,3,3,一般用户
2426,224,1,723.32,1,1,2,流失风险
2427,153,2,1379.94,2,2,3,流失风险
2429,128,1,28.8,2,1,1,流失风险
243,172,3,3178.13,2,3,5,高消费潜力
2430,6,2,864.84,5,2,2,新客培育
2431,136,1,303.13,2,1,1,流失风险
2432,190,2,1668.36,1,2,3,流失风险
2434,198,1,1722.12,1,1,3,流失风险
2435,142,3,2081.17,2,3,4,高消费潜力
2436,10,5,1064.81,5,5,2,一般用户
2437,256,2,1615.55,1,2,3,流失风险
2439,8,2,2050.81,5,2,4,新客培育
244,7,4,2189.34,5,4,4,高价值用户
2440,101,1,22.12,3,1,1,一般用户
2441,101,1,396.68,3,1,1,一般用户
2442,281,1,1005.95,1,1,2,流失风险
2443,114,4,3994.08,2,4,5,沉睡高频用户
2445,4,3,1555.74,5,3,3,一般用户
2446,182,3,1647.0,2,3,3,流失风险
2447,300,1,838.68,1,1,2,流失风险
2448,26,1,345.2,4,1,1,新客培育
2449,94,1,537.38,3,1,2,一般用户
245,1,4,1502.44,5,4,3,一般用户
2450,2,3,2260.69,5,3,4,高消费潜力
2451,206,1,321.73,1,1,1,流失风险
2452,241,1,145.49,1,1,1,流失风险
2453,234,1,125.34,1,1,1,流失风险
2454,24,1,216.41,4,1,1,新客培育
2455,154,3,1135.56,2,3,3,流失风险
2456,105,3,4766.88,2,3,5,高消费潜力
2457,22,4,1513.29,5,4,3,一般用户
2458,306,1,608.07,1,1,2,流失风险
2459,14,3,1223.41,5,3,3,一般用户
246,62,7,5127.65,3,5,5,高消费潜力
2461,275,1,1296.0,1,1,3,流失风险
2462,201,3,682.6,1,3,2,流失风险
2463,322,1,1234.14,1,1,3,流失风险
2464,47,2,742.82,4,2,2,新客培育
2465,79,2,444.11,3,2,1,一般用户
2466,290,1,436.08,1,1,1,流失风险
2467,268,3,1916.62,1,3,4,高消费潜力
2469,268,1,498.64,1,1,1,流失风险
247,81,5,2134.85,3,5,4,高消费潜力
2470,86,2,2774.87,3,2,4,高消费潜力
2471,35,2,459.15,4,2,1,新客培育
2472,207,2,1105.02,1,2,3,流失风险
2473,192,2,1611.05,1,2,3,流失风险
2474,15,4,1990.97,5,4,4,高价值用户
2475,280,2,760.23,1,2,2,流失风险
2476,115,2,484.51,2,2,1,流失风险
2477,59,3,1274.02,3,3,3,一般用户
2478,161,1,316.6,2,1,1,流失风险
2479,74,3,417.36,3,3,1,一般用户
248,50,7,3007.93,4,5,5,高价值用户
2480,308,1,2156.85,1,1,4,高消费潜力
2481,126,2,1467.86,2,2,3,流失风险
2483,114,5,2265.63,2,5,4,沉睡高频用户
2484,241,1,115.32,1,1,1,流失风险
2485,104,1,401.4,2,1,1,流失风险
2486,193,1,580.5,1,1,2,流失风险
2487,33,1,1448.58,4,1,3,新客培育
2488,108,2,888.43,2,2,2,流失风险
249,107,3,3388.71,2,3,5,高消费潜力
2490,16,4,1211.06,5,4,3,一般用户
2492,103,1,149.93,3,1,1,一般用户
2493,26,5,3335.67,4,5,5,高价值用户
2495,34,3,1423.57,4,3,3,一般用户
2496,204,1,270.87,1,1,1,流失风险
2497,5,3,348.52,5,3,1,一般用户
2499,67,1,29.2,3,1,1,一般用户
25,4,14,7216.41,5,5,5,高价值用户
250,67,7,3114.49,3,5,5,高消费潜力
2500,17,3,781.88,5,3,2,一般用户
2501,252,1,401.25,1,1,1,流失风险
2502,304,1,26.04,1,1,1,流失风险
2503,63,1,282.88,3,1,1,一般用户
2504,49,2,1081.94,4,2,3,新客培育
2505,57,1,495.14,3,1,1,一般用户
2507,163,1,211.2,2,1,1,流失风险
2508,146,1,107.44,2,1,1,流失风险
2509,45,1,177.9,4,1,1,新客培育
251,37,4,2422.75,4,4,4,高价值用户
2510,13,2,821.63,5,2,2,新客培育
2511,115,3,945.98,2,3,2,流失风险
2512,61,1,372.48,3,1,1,一般用户
2513,40,2,2392.58,4,2,4,新客培育
2515,266,1,598.2,1,1,2,流失风险
2516,188,3,736.66,1,3,2,流失风险
2517,190,1,1036.95,1,1,2,流失风险
2518,47,2,1279.2,4,2,3,新客培育
2519,99,3,961.6,3,3,2,一般用户
252,48,2,1388.38,4,2,3,新客培育
2520,129,4,2805.4,2,4,5,沉睡高频用户
2522,83,1,549.87,3,1,2,一般用户
2523,210,2,956.72,1,2,2,流失风险
2524,61,4,2751.25,3,4,4,高消费潜力
2526,121,4,3536.39,2,4,5,沉睡高频用户
2527,313,1,326.15,1,1,1,流失风险
2528,54,4,2637.84,4,4,4,高价值用户
2529,234,2,833.63,1,2,2,流失风险
253,11,8,2318.95,5,5,4,高价值用户
2530,16,4,4261.91,5,4,5,高价值用户
2531,167,1,230.78,2,1,1,流失风险
2532,38,2,2155.61,4,2,4,新客培育
2533,345,1,182.12,1,1,1,流失风险
2534,41,2,1729.22,4,2,3,新客培育
2535,113,3,825.72,2,3,2,流失风险
2536,157,1,688.78,2,1,2,流失风险
2537,240,1,915.3,1,1,2,流失风险
2538,259,1,270.87,1,1,1,流失风险
2539,211,1,508.68,1,1,1,流失风险
254,15,9,6667.45,5,5,5,高价值用户
2541,19,2,866.2,5,2,2,新客培育
2542,25,3,1703.06,4,3,3,一般用户
2544,30,2,1002.72,4,2,2,新客培育
2546,138,1,196.53,2,1,1,流失风险
2547,34,3,3054.19,4,3,5,高消费潜力
2548,127,3,3361.6,2,3,5,高消费潜力
2549,189,1,1220.4,1,1,3,流失风险
255,40,3,634.02,4,3,2,一般用户
2550,268,1,254.42,1,1,1,流失风险
2552,6,3,1088.02,5,3,3,一般用户
2554,66,3,1154.72,3,3,3,一般用户
2555,26,3,1089.6,4,3,3,一般用户
2556,161,1,516.15,2,1,1,流失风险
2557,4,5,2450.89,5,5,4,高价值用户
2558,249,1,11.31,1,1,1,流失风险
2559,102,1,330.48,3,1,1,一般用户
256,86,8,2773.65,3,5,4,高消费潜力
2560,247,3,969.68,1,3,2,流失风险
2561,35,3,2637.99,4,3,4,高消费潜力
2562,156,2,722.6,2,2,2,流失风险
2563,303,1,221.7,1,1,1,流失风险
2564,184,1,1143.72,1,1,3,流失风险
2565,15,4,2930.05,5,4,5,高价值用户
2566,196,1,931.62,1,1,2,流失风险
2567,255,2,817.81,1,2,2,流失风险
257,3,4,2214.19,5,4,4,高价值用户
2570,190,3,1593.65,1,3,3,流失风险
2571,122,2,369.42,2,2,1,流失风险
2573,242,2,2010.85,1,2,4,高消费潜力
2574,140,3,2371.76,2,3,4,高消费潜力
2575,145,2,1636.82,2,2,3,流失风险
2576,283,1,67.8,1,1,1,流失风险
2577,305,3,1729.36,1,3,3,流失风险
2579,54,3,862.64,4,3,2,一般用户
258,35,6,1915.73,4,5,4,高价值用户
2580,84,1,216.22,3,1,1,一般用户
2582,10,2,735.61,5,2,2,新客培育
2583,164,2,819.12,2,2,2,流失风险
2584,57,5,2538.85,3,5,4,高消费潜力
2585,28,3,1606.15,4,3,3,一般用户
2586,121,3,2083.04,2,3,4,高消费潜力
2587,322,1,364.44,1,1,1,流失风险
2588,40,1,334.62,4,1,1,新客培育
2589,19,1,245.42,5,1,1,新客培育
259,11,10,4998.56,5,5,5,高价值用户
2592,30,3,990.82,4,3,2,一般用户
2593,158,2,655.78,2,2,2,流失风险
2594,7,3,1860.69,5,3,4,高消费潜力
2595,232,2,753.06,1,2,2,流失风险
2597,73,2,1422.66,3,2,3,一般用户
2598,67,1,277.48,3,1,1,一般用户
2599,108,4,2980.29,2,4,5,沉睡高频用户
26,26,11,4871.29,4,5,5,高价值用户
260,40,6,3072.99,4,5,5,高价值用户
2601,223,2,939.84,1,2,2,流失风险
2602,63,1,197.54,3,1,1,一般用户
2603,73,1,950.76,3,1,2,一般用户
2604,55,6,3012.91,3,5,5,高消费潜力
2605,357,1,1029.66,1,1,2,流失风险
2606,7,3,1115.24,5,3,3,一般用户
2607,23,3,999.37,5,3,2,一般用户
2608,100,1,391.36,3,1,1,一般用户
2609,156,3,1370.42,2,3,3,流失风险
261,35,8,2805.48,4,5,5,高价值用户
2610,72,2,483.08,3,2,1,一般用户
2611,16,1,304.45,5,1,1,新客培育
2613,93,1,901.44,3,1,2,一般用户
2614,251,2,1545.92,1,2,3,流失风险
2615,73,3,699.77,3,3,2,一般用户
2616,158,2,1084.45,2,2,3,流失风险
2617,28,3,1948.77,4,3,4,高消费潜力
2618,175,1,1101.12,2,1,3,流失风险
2619,50,2,1439.24,4,2,3,新客培育
262,184,5,661.73,1,5,2,沉睡高频用户
2620,95,2,864.74,3,2,2,一般用户
2621,8,2,1128.17,5,2,3,新客培育
2622,200,2,1360.78,1,2,3,流失风险
2623,28,1,170.12,4,1,1,新客培育
2625,43,2,1408.93,4,2,3,新客培育
2627,101,1,1349.6,3,1,3,一般用户
2628,159,2,220.16,2,2,1,流失风险
263,21,12,8583.1,5,5,5,高价值用户
2630,158,1,6.29,2,1,1,流失风险
2631,183,1,52.96,2,1,1,流失风险
2633,121,1,217.78,2,1,1,流失风险
2634,225,2,1807.29,1,2,4,高消费潜力
2635,82,2,541.85,3,2,2,一般用户
2636,198,1,427.94,1,1,1,流失风险
2637,54,2,1769.04,4,2,4,新客培育
2638,23,2,992.89,5,2,2,新客培育
2639,317,2,863.47,1,2,2,流失风险
264,55,5,1466.5,3,5,3,一般用户
2640,5,2,916.73,5,2,2,新客培育
2641,158,1,144.66,2,1,1,流失风险
2642,42,2,833.86,4,2,2,新客培育
2643,145,1,977.96,2,1,2,流失风险
2645,42,2,1308.38,4,2,3,新客培育
2646,59,2,238.57,3,2,1,一般用户
2647,246,2,2988.04,1,2,5,高消费潜力
2649,68,4,3022.05,3,4,5,高消费潜力
265,32,3,866.44,4,3,2,一般用户
2650,84,2,863.11,3,2,2,一般用户
2652,176,1,333.9,2,1,1,流失风险
2654,208,3,2734.14,1,3,4,高消费潜力
2655,19,3,2202.97,5,3,4,高消费潜力
2656,246,1,800.28,1,1,2,流失风险
2657,101,2,696.26,3,2,2,一般用户
2659,365,1,747.36,1,1,2,流失风险
266,170,3,2042.68,2,3,4,高消费潜力
2660,14,3,1776.56,5,3,4,高消费潜力
2662,349,1,1263.75,1,1,3,流失风险
2663,49,2,999.66,4,2,2,新客培育
2664,310,1,269.01,1,1,1,流失风险
2665,125,1,649.32,2,1,2,流失风险
267,46,8,4672.26,4,5,5,高价值用户
2670,287,2,1534.74,1,2,3,流失风险
2671,154,2,1906.06,2,2,4,高消费潜力
2672,86,4,3754.92,3,4,5,高消费潜力
2673,40,4,2489.02,4,4,4,高价值用户
2674,100,3,703.15,3,3,2,一般用户
2676,25,2,2304.88,4,2,4,新客培育
2677,147,2,388.32,2,2,1,流失风险
2678,209,2,536.35,1,2,2,流失风险
2679,112,3,2289.1,2,3,4,高消费潜力
268,25,10,4365.71,4,5,5,高价值用户
2680,90,1,1179.87,3,1,3,一般用户
2681,26,4,1615.05,4,4,3,一般用户
2682,29,2,1498.07,4,2,3,新客培育
2683,52,3,2215.54,4,3,4,高消费潜力
2684,260,1,368.01,1,1,1,流失风险
2685,348,1,322.8,1,1,1,流失风险
2686,101,4,2449.15,3,4,4,高消费潜力
2687,21,3,1169.68,5,3,3,一般用户
2688,266,1,670.6,1,1,2,流失风险
2689,275,1,232.0,1,1,1,流失风险
269,216,2,396.62,1,2,1,流失风险
2690,1,4,1031.32,5,4,2,一般用户
2691,115,2,804.16,2,2,2,流失风险
2692,45,2,918.92,4,2,2,新客培育
2693,270,1,1011.05,1,1,2,流失风险
2695,194,2,182.44,1,2,1,流失风险
2696,218,2,1605.66,1,2,3,流失风险
2698,55,2,403.53,3,2,1,一般用户
27,39,14,8505.52,4,5,5,高价值用户
270,40,9,3265.51,4,5,5,高价值用户
2700,4,2,1058.26,5,2,2,新客培育
2701,7,3,1820.28,5,3,4,高消费潜力
2703,236,1,23.06,1,1,1,流失风险
2704,97,3,1142.83,3,3,3,一般用户
2705,196,1,321.2,1,1,1,流失风险
2706,254,1,276.24,1,1,1,流失风险
2707,112,3,1248.06,2,3,3,流失风险
2709,73,3,1656.33,3,3,3,一般用户
271,233,3,1037.01,1,3,2,流失风险
2710,103,3,2381.09,3,3,4,高消费潜力
2712,145,2,168.96,2,2,1,流失风险
2713,211,3,2754.72,1,3,4,高消费潜力
2714,250,2,44.15,1,2,1,流失风险
2716,34,5,2590.35,4,5,4,高价值用户
2717,298,1,960.84,1,1,2,流失风险
2718,106,1,581.94,2,1,2,流失风险
2719,164,3,1863.63,2,3,4,高消费潜力
272,5,5,1605.0,5,5,3,一般用户
2720,21,1,102.66,5,1,1,新客培育
2721,247,2,1267.28,1,2,3,流失风险
2722,130,4,1755.76,2,4,4,沉睡高频用户
2723,155,1,1798.24,2,1,4,高消费潜力
2724,18,3,1288.89,5,3,3,一般用户
2725,83,2,1067.24,3,2,2,一般用户
2726,85,4,1654.02,3,4,3,一般用户
2728,24,4,1463.15,4,4,3,一般用户
2729,357,1,737.18,1,1,2,流失风险
273,39,5,2752.97,4,5,4,高价值用户
2732,257,1,519.66,1,1,1,流失风险
2733,10,1,433.6,5,1,1,新客培育
2734,137,3,1476.14,2,3,3,流失风险
2735,2,5,2160.62,5,5,4,高价值用户
2736,67,2,2299.1,3,2,4,高消费潜力
2737,299,1,230.09,1,1,1,流失风险
274,9,13,8042.35,5,5,5,高价值用户
2740,92,4,1560.93,3,4,3,一般用户
2741,19,5,2786.77,5,5,4,高价值用户
2743,12,3,2148.88,5,3,4,高消费潜力
2745,105,1,254.49,2,1,1,流失风险
2747,361,1,126.51,1,1,1,流失风险
2748,310,1,440.83,1,1,1,流失风险
2749,87,1,385.77,3,1,1,一般用户
275,90,3,836.55,3,3,2,一般用户
2750,80,2,635.58,3,2,2,一般用户
2751,306,2,1826.2,1,2,4,高消费潜力
2752,153,1,962.4,2,1,2,流失风险
2753,316,1,443.08,1,1,1,流失风险
2754,88,5,2478.75,3,5,4,高消费潜力
2755,320,1,286.02,1,1,1,流失风险
2756,82,1,312.01,3,1,1,一般用户
2758,151,5,1777.52,2,5,4,沉睡高频用户
2759,95,2,582.11,3,2,2,一般用户
276,108,5,1938.1,2,5,4,沉睡高频用户
2760,332,1,536.92,1,1,2,流失风险
2761,189,1,464.65,1,1,1,流失风险
2763,130,3,2945.64,2,3,5,高消费潜力
2764,117,3,2251.74,2,3,4,高消费潜力
2765,9,2,1922.56,5,2,4,新客培育
2766,6,4,1710.25,5,4,3,一般用户
2768,119,1,512.44,2,1,1,流失风险
277,27,8,3144.43,4,5,5,高价值用户
2770,5,3,875.25,5,3,2,一般用户
2771,216,2,857.5,1,2,2,流失风险
2772,230,1,321.89,1,1,1,流失风险
2773,49,3,1735.54,4,3,3,一般用户
2774,172,2,1103.89,2,2,3,流失风险
2775,138,4,1395.7,2,4,3,沉睡高频用户
2776,71,2,339.14,3,2,1,一般用户
2777,277,3,2055.96,1,3,4,高消费潜力
2778,67,3,1076.15,3,3,3,一般用户
278,68,5,1003.4,3,5,2,一般用户
2780,9,1,277.23,5,1,1,新客培育
2781,17,2,787.64,5,2,2,新客培育
2782,109,2,537.45,2,2,2,流失风险
2783,25,4,2189.3,4,4,4,高价值用户
2784,314,1,1050.21,1,1,2,流失风险
2785,255,2,74.5,1,2,1,流失风险
2786,31,4,3463.78,4,4,5,高价值用户
2787,53,2,1177.66,4,2,3,新客培育
2788,157,2,572.56,2,2,2,流失风险
2789,76,3,1318.46,3,3,3,一般用户
279,38,5,1786.76,4,5,4,高价值用户
2790,204,1,385.29,1,1,1,流失风险
2791,25,1,276.13,4,1,1,新客培育
2792,87,3,1885.87,3,3,4,高消费潜力
2793,4,2,2074.68,5,2,4,新客培育
2794,179,3,2271.17,2,3,4,高消费潜力
2795,98,5,2506.35,3,5,4,高消费潜力
2796,123,1,472.1,2,1,1,流失风险
2797,37,1,421.24,4,1,1,新客培育
2799,16,4,1726.77,5,4,3,一般用户
28,15,12,8607.6,5,5,5,高价值用户
280,73,5,2251.05,3,5,4,高消费潜力
2800,65,2,886.39,3,2,2,一般用户
2801,103,3,960.02,3,3,2,一般用户
2802,194,2,510.8,1,2,1,流失风险
2804,32,2,707.06,4,2,2,新客培育
2805,265,4,2269.51,1,4,4,沉睡高频用户
2807,329,2,1997.27,1,2,4,高消费潜力
2808,91,1,38.97,3,1,1,一般用户
2809,99,4,2584.56,3,4,4,高消费潜力
281,46,11,7707.87,4,5,5,高价值用户
2810,111,3,2142.02,2,3,4,高消费潜力
2811,106,1,251.92,2,1,1,流失风险
2812,83,1,183.25,3,1,1,一般用户
2813,38,2,145.78,4,2,1,新客培育
2814,193,1,146.51,1,1,1,流失风险
2815,51,3,1087.89,4,3,3,一般用户
2817,325,1,314.5,1,1,1,流失风险
2818,282,1,110.92,1,1,1,流失风险
2819,104,2,661.82,2,2,2,流失风险
282,10,2,390.24,5,2,1,新客培育
2821,73,2,1764.85,3,2,4,高消费潜力
2823,227,1,361.71,1,1,1,流失风险
2824,343,1,317.31,1,1,1,流失风险
2825,240,2,1932.46,1,2,4,高消费潜力
2826,71,1,71.64,3,1,1,一般用户
2827,94,2,1968.02,3,2,4,高消费潜力
2828,71,3,221.41,3,3,1,一般用户
2829,39,3,1787.19,4,3,4,高消费潜力
283,45,5,3627.78,4,5,5,高价值用户
2830,292,2,1506.22,1,2,3,流失风险
2831,72,5,2877.31,3,5,5,高消费潜力
2832,142,1,1281.18,2,1,3,流失风险
2833,360,1,405.57,1,1,1,流失风险
2834,268,2,811.61,1,2,2,流失风险
2835,339,1,331.59,1,1,1,流失风险
2836,131,1,723.81,2,1,2,流失风险
2838,77,3,593.07,3,3,2,一般用户
2839,327,1,486.2,1,1,1,流失风险
284,8,5,1999.63,5,5,4,高价值用户
2840,185,1,300.25,1,1,1,流失风险
2841,342,1,176.7,1,1,1,流失风险
2842,5,1,326.26,5,1,1,新客培育
2843,276,1,240.5,1,1,1,流失风险
2844,101,2,1213.29,3,2,3,一般用户
2845,99,2,481.68,3,2,1,一般用户
2846,186,1,425.46,1,1,1,流失风险
2847,288,1,103.68,1,1,1,流失风险
2848,144,2,2517.87,2,2,4,高消费潜力
285,15,6,3128.36,5,5,5,高价值用户
2850,231,1,1052.07,1,1,2,流失风险
2851,138,2,166.76,2,2,1,流失风险
2852,16,3,2501.77,5,3,4,高消费潜力
2853,67,2,1470.14,3,2,3,一般用户
2854,50,3,1487.82,4,3,3,一般用户
2855,4,5,1341.35,5,5,3,一般用户
2856,16,3,2136.52,5,3,4,高消费潜力
2857,217,1,324.16,1,1,1,流失风险
2858,121,2,402.35,2,2,1,流失风险
2859,272,2,1075.66,1,2,3,流失风险
286,10,5,1914.28,5,5,4,高价值用户
2862,135,2,367.4,2,2,1,流失风险
2865,133,2,537.08,2,2,2,流失风险
2866,33,3,706.94,4,3,2,一般用户
2867,152,3,1157.46,2,3,3,流失风险
2868,98,5,1850.21,3,5,4,高消费潜力
2869,125,3,460.38,2,3,1,流失风险
287,41,9,5206.34,4,5,5,高价值用户
2870,30,4,3092.02,4,4,5,高价值用户
2871,162,2,460.37,2,2,1,流失风险
2872,16,1,369.22,5,1,1,新客培育
2873,4,1,998.08,5,1,2,新客培育
2875,256,1,370.68,1,1,1,流失风险
2876,233,1,805.95,1,1,2,流失风险
2878,35,3,1569.96,4,3,3,一般用户
2879,21,1,342.18,5,1,1,新客培育
288,65,4,2250.29,3,4,4,高消费潜力
2880,139,2,373.16,2,2,1,流失风险
2881,23,3,2433.16,5,3,4,高消费潜力
2882,67,1,1337.01,3,1,3,一般用户
2883,185,2,488.3,1,2,1,流失风险
2884,54,1,247.93,4,1,1,新客培育
2885,61,2,1077.17,3,2,3,一般用户
2886,8,4,1923.23,5,4,4,高价值用户
2887,32,1,47.36,4,1,1,新客培育
2888,43,4,576.06,4,4,2,一般用户
2889,188,2,401.86,1,2,1,流失风险
289,158,6,4402.32,2,5,5,沉睡高频用户
2890,173,1,866.94,2,1,2,流失风险
2891,201,2,981.28,1,2,2,流失风险
2892,237,1,831.21,1,1,2,流失风险
2893,279,1,1192.68,1,1,3,流失风险
2894,3,3,2141.25,5,3,4,高消费潜力
2895,223,1,424.24,1,1,1,流失风险
2897,31,2,849.59,4,2,2,新客培育
2899,180,2,1635.49,2,2,3,流失风险
29,15,14,6912.2,5,5,5,高价值用户
290,12,6,4056.52,5,5,5,高价值用户
2900,1,1,720.58,5,1,2,新客培育
2901,81,2,488.06,3,2,1,一般用户
2902,312,1,1373.48,1,1,3,流失风险
2903,215,2,868.48,1,2,2,流失风险
2904,345,2,1626.25,1,2,3,流失风险
2905,24,2,325.39,4,2,1,新客培育
2906,73,3,2410.09,3,3,4,高消费潜力
2907,100,3,1539.51,3,3,3,一般用户
2908,45,4,1469.47,4,4,3,一般用户
2909,14,1,575.46,5,1,2,新客培育
291,14,6,3010.43,5,5,5,高价值用户
2910,47,3,519.67,4,3,1,一般用户
2912,293,2,871.25,1,2,2,流失风险
2913,258,1,103.3,1,1,1,流失风险
2914,195,2,1032.26,1,2,2,流失风险
2915,4,4,3301.85,5,4,5,高价值用户
2916,253,1,290.08,1,1,1,流失风险
2917,104,3,2516.95,2,3,4,高消费潜力
2918,204,2,529.73,1,2,1,流失风险
2919,15,4,2390.61,5,4,4,高价值用户
292,3,7,4006.51,5,5,5,高价值用户
2920,123,3,1445.44,2,3,3,流失风险
2921,116,4,2769.64,2,4,4,沉睡高频用户
2922,52,2,953.98,4,2,2,新客培育
2923,211,2,1777.85,1,2,4,高消费潜力
2924,109,3,1981.68,2,3,4,高消费潜力
2925,155,2,634.2,2,2,2,流失风险
2926,2,4,2431.91,5,4,4,高价值用户
2927,78,5,1702.93,3,5,3,一般用户
2928,85,4,704.54,3,4,2,一般用户
2929,19,4,1525.51,5,4,3,一般用户
293,124,5,3535.79,2,5,5,沉睡高频用户
2930,134,1,460.07,2,1,1,流失风险
2931,337,1,998.16,1,1,2,流失风险
2933,158,1,1136.68,2,1,3,流失风险
2935,76,5,2725.23,3,5,4,高消费潜力
2936,12,2,1457.72,5,2,3,新客培育
2938,350,1,1289.36,1,1,3,流失风险
2939,234,2,598.05,1,2,2,流失风险
294,83,7,6195.1,3,5,5,高消费潜力
2940,43,4,2186.19,4,4,4,高价值用户
2941,32,4,3161.51,4,4,5,高价值用户
2942,274,3,2559.5,1,3,4,高消费潜力
2943,156,1,251.36,2,1,1,流失风险
2944,182,2,1287.29,2,2,3,流失风险
2945,310,1,32.28,1,1,1,流失风险
2946,187,1,44.78,1,1,1,流失风险
2947,67,2,1059.24,3,2,2,一般用户
2948,118,2,463.9,2,2,1,流失风险
2949,246,2,840.15,1,2,2,流失风险
295,3,5,3275.54,5,5,5,高价值用户
2950,183,1,88.11,2,1,1,流失风险
2952,155,1,390.8,2,1,1,流失风险
2953,197,1,1211.4,1,1,3,流失风险
2954,314,2,749.05,1,2,2,流失风险
2956,323,1,241.35,1,1,1,流失风险
2957,109,2,1888.9,2,3,4,高消费潜力
2958,261,2,960.76,1,3,2,流失风险
2959,59,1,712.42,3,1,2,一般用户
296,76,5,1913.25,3,5,4,高消费潜力
2962,108,2,2279.78,2,3,4,高消费潜力
2963,127,1,584.76,2,1,2,流失风险
2964,17,2,518.93,5,3,1,一般用户
2965,124,2,563.74,2,3,2,流失风险
2968,250,1,434.11,1,1,1,流失风险
297,80,3,2363.1,3,3,4,高消费潜力
2970,60,2,594.21,3,3,2,一般用户
2971,346,1,249.85,1,1,1,流失风险
2972,214,2,1653.44,1,3,3,流失风险
2973,78,1,1450.89,3,1,3,一般用户
2974,18,2,1051.04,5,3,2,一般用户
2975,122,2,1452.58,2,3,3,流失风险
2976,273,2,1405.92,1,3,3,流失风险
2977,268,2,713.24,1,3,2,流失风险
2978,358,1,195.91,1,1,1,流失风险
2979,18,1,439.32,5,1,1,新客培育
298,3,9,6762.56,5,5,5,高价值用户
2980,79,1,225.36,3,1,1,一般用户
2982,41,2,986.76,4,3,2,一般用户
2983,194,2,1501.74,1,3,3,流失风险
2984,145,1,242.66,2,1,1,流失风险
2985,3,2,1006.0,5,3,2,一般用户
2986,51,2,794.01,4,3,2,一般用户
2987,204,1,116.82,1,1,1,流失风险
2988,114,2,1626.22,2,3,3,流失风险
2989,91,2,721.46,3,3,2,一般用户
299,46,4,2613.58,4,4,4,高价值用户
2990,36,2,1605.81,4,3,3,一般用户
2991,99,1,429.04,3,1,1,一般用户
2993,96,2,238.87,3,3,1,一般用户
2994,292,1,46.12,1,1,1,流失风险
2995,159,3,1751.77,2,3,3,流失风险
2996,26,2,861.54,4,3,2,一般用户
2997,110,2,506.79,2,3,1,流失风险
2998,170,1,123.94,2,1,1,流失风险
2999,61,2,532.26,3,3,1,一般用户
3,1,71,36709.49,5,5,5,高价值用户
30,35,11,6789.08,4,5,5,高价值用户
300,26,10,3996.88,4,5,5,高价值用户
301,147,4,1437.59,2,4,3,沉睡高频用户
302,251,2,2289.21,1,3,4,高消费潜力
303,45,1,425.45,4,1,1,新客培育
304,61,8,6079.84,3,5,5,高消费潜力
305,47,5,4557.92,4,5,5,高价值用户
306,211,6,2767.97,1,5,4,沉睡高频用户
307,10,7,3815.06,5,5,5,高价值用户
308,11,5,3127.34,5,5,5,高价值用户
309,111,4,1385.51,2,4,3,沉睡高频用户
31,2,16,11035.56,5,5,5,高价值用户
310,256,4,2753.14,1,4,4,沉睡高频用户
311,20,8,6792.58,5,5,5,高价值用户
312,9,6,2620.7,5,5,4,高价值用户
313,98,4,3251.04,3,4,5,高消费潜力
314,1,7,2518.64,5,5,4,高价值用户
315,15,10,4180.66,5,5,5,高价值用户
316,16,6,2877.74,5,5,5,高价值用户
317,16,6,3282.71,5,5,5,高价值用户
318,46,4,2138.5,4,4,4,高价值用户
319,105,8,4532.39,2,5,5,沉睡高频用户
32,2,20,13047.52,5,5,5,高价值用户
320,112,4,1431.7,2,4,3,沉睡高频用户
321,43,6,2612.56,4,5,4,高价值用户
322,97,6,2087.49,3,5,4,高消费潜力
323,23,5,3229.77,5,5,5,高价值用户
324,80,3,1261.85,3,3,3,一般用户
325,98,6,3585.46,3,5,5,高消费潜力
326,185,3,643.55,1,3,2,流失风险
327,32,7,5221.03,4,5,5,高价值用户
328,189,2,779.12,1,3,2,流失风险
329,39,3,2407.6,4,3,4,高消费潜力
33,11,17,9753.53,5,5,5,高价值用户
330,11,6,3615.41,5,5,5,高价值用户
331,13,7,5034.36,5,5,5,高价值用户
332,42,5,3866.0,4,5,5,高价值用户
333,52,6,2322.22,4,5,4,高价值用户
334,56,3,516.65,3,3,1,一般用户
335,44,6,2574.6,4,5,4,高价值用户
336,17,4,1573.66,5,4,3,一般用户
337,22,3,1513.31,5,3,3,一般用户
338,73,6,2643.63,3,5,4,高消费潜力
339,59,3,1760.0,3,3,4,高消费潜力
34,12,16,9071.58,5,5,5,高价值用户
340,103,1,366.4,3,1,1,一般用户
341,6,6,2475.66,5,5,4,高价值用户
342,187,1,285.4,1,1,1,流失风险
343,54,5,3340.41,4,5,5,高价值用户
344,37,4,2678.98,4,4,4,高价值用户
345,21,8,2706.18,5,5,4,高价值用户
346,20,4,3069.12,5,4,5,高价值用户
348,5,6,4119.83,5,5,5,高价值用户
349,65,4,2365.99,3,4,4,高消费潜力
35,48,10,3638.19,4,5,5,高价值用户
350,159,1,273.66,2,1,1,流失风险
351,113,2,785.53,2,3,2,流失风险
352,1,10,7960.89,5,5,5,高价值用户
353,105,5,3110.26,2,5,5,沉睡高频用户
354,270,1,742.56,1,1,2,流失风险
355,17,6,1452.82,5,5,3,一般用户
356,41,5,3986.87,4,5,5,高价值用户
357,42,4,2845.45,4,4,5,高价值用户
358,20,6,4052.69,5,5,5,高价值用户
359,87,5,2781.16,3,5,4,高消费潜力
36,28,13,10638.77,4,5,5,高价值用户
360,13,7,3449.77,5,5,5,高价值用户
361,42,2,1269.22,4,3,3,一般用户
362,287,3,2259.18,1,3,4,高消费潜力
363,27,5,1732.61,4,5,3,一般用户
364,126,7,2051.7,2,5,4,沉睡高频用户
366,16,9,3872.77,5,5,5,高价值用户
367,94,5,1378.19,3,5,3,一般用户
368,135,8,3590.32,2,5,5,沉睡高频用户
369,178,3,1715.34,2,3,3,流失风险
37,3,20,15104.61,5,5,5,高价值用户
370,33,3,803.16,4,3,2,一般用户
371,142,4,1812.54,2,4,4,沉睡高频用户
372,25,7,2294.27,4,5,4,高价值用户
373,22,4,1801.71,5,4,4,高价值用户
374,64,4,3301.01,3,4,5,高消费潜力
375,26,5,1327.71,4,5,3,一般用户
376,159,2,1521.0,2,3,3,流失风险
377,86,2,1014.96,3,3,2,一般用户
378,3,1,885.44,5,1,2,新客培育
379,2,10,6206.33,5,5,5,高价值用户
38,7,13,6119.68,5,5,5,高价值用户
380,73,3,1298.59,3,3,3,一般用户
381,5,3,2797.38,5,3,5,高消费潜力
382,27,6,4613.02,4,5,5,高价值用户
383,14,7,3797.05,5,5,5,高价值用户
384,21,7,1696.01,5,5,3,一般用户
385,181,4,1153.04,2,4,3,沉睡高频用户
386,25,4,3172.22,4,4,5,高价值用户
387,62,5,2729.93,3,5,4,高消费潜力
388,8,6,2702.65,5,5,4,高价值用户
389,78,5,2314.12,3,5,4,高消费潜力
39,4,12,6959.28,5,5,5,高价值用户
390,63,1,481.3,3,1,1,一般用户
391,105,3,704.22,2,3,2,流失风险
392,127,2,365.71,2,3,1,流失风险
393,213,2,1677.96,1,3,3,流失风险
394,84,9,3942.58,3,5,5,高消费潜力
395,71,9,4860.93,3,5,5,高消费潜力
396,13,4,1360.21,5,4,3,一般用户
397,138,7,2578.16,2,5,4,沉睡高频用户
398,123,3,588.67,2,3,2,流失风险
399,25,8,5051.32,4,5,5,高价值用户
4,11,31,19690.36,5,5,5,高价值用户
40,14,14,11091.5,5,5,5,高价值用户
400,4,2,3541.15,5,3,5,高消费潜力
401,31,6,1817.89,4,5,4,高价值用户
402,106,3,1548.74,2,3,3,流失风险
403,12,6,3127.57,5,5,5,高价值用户
404,31,9,2780.16,4,5,4,高价值用户
405,30,6,2640.69,4,5,4,高价值用户
406,3,3,787.75,5,3,2,一般用户
407,90,3,1515.39,3,3,3,一般用户
408,5,8,4200.55,5,5,5,高价值用户
409,162,1,35.75,2,1,1,流失风险
41,50,9,5647.38,4,5,5,高价值用户
410,25,7,4288.17,4,5,5,高价值用户
411,20,4,1385.67,5,4,3,一般用户
412,104,2,1497.15,2,3,3,流失风险
413,44,6,4256.33,4,5,5,高价值用户
414,361,1,158.44,1,1,1,流失风险
415,59,4,1628.93,3,4,3,一般用户
416,69,8,2691.3,3,5,4,高消费潜力
417,65,3,1274.41,3,4,3,一般用户
418,37,6,2621.79,4,5,4,高价值用户
419,5,6,2164.05,5,5,4,高价值用户
42,12,15,5947.79,5,5,5,高价值用户
420,29,3,1086.59,4,4,3,一般用户
421,79,5,4485.13,3,5,5,高消费潜力
422,86,3,1726.03,3,4,3,一般用户
423,117,3,899.28,2,4,2,沉睡高频用户
424,135,5,4034.81,2,5,5,沉睡高频用户
425,17,4,1635.43,5,4,3,一般用户
426,33,4,1526.6,4,4,3,一般用户
427,14,4,1852.37,5,4,4,高价值用户
428,22,3,2302.38,5,4,4,高价值用户
429,117,5,2242.87,2,5,4,沉睡高频用户
43,11,16,6178.23,5,5,5,高价值用户
430,66,2,687.46,3,3,2,一般用户
431,42,3,1525.41,4,4,3,一般用户
432,27,5,3165.23,4,5,5,高价值用户
433,17,3,2024.93,5,4,4,高价值用户
434,64,2,801.62,3,3,2,一般用户
435,11,5,2103.69,5,5,4,高价值用户
436,103,6,4082.48,3,5,5,高消费潜力
437,29,4,1248.15,4,4,3,一般用户
438,16,3,2756.53,5,4,4,高价值用户
439,34,4,1813.97,4,4,4,高价值用户
44,80,20,8595.89,3,5,5,高消费潜力
440,179,3,1754.99,2,4,3,沉睡高频用户
441,27,4,2019.02,4,4,4,高价值用户
442,113,6,3787.44,2,5,5,沉睡高频用户
443,73,7,7714.74,3,5,5,高消费潜力
444,4,6,2789.61,5,5,5,高价值用户
445,37,4,2118.05,4,4,4,高价值用户
446,59,3,936.41,3,4,2,一般用户
447,256,3,778.58,1,4,2,沉睡高频用户
448,43,3,1993.11,4,4,4,高价值用户
449,2,5,2977.21,5,5,5,高价值用户
45,131,13,8491.44,2,5,5,沉睡高频用户
450,65,6,3228.1,3,5,5,高消费潜力
451,310,1,1575.28,1,1,3,流失风险
452,19,5,2297.06,5,5,4,高价值用户
453,155,4,1943.75,2,4,4,沉睡高频用户
454,31,5,3697.77,4,5,5,高价值用户
455,95,8,2345.94,3,5,4,高消费潜力
456,11,3,1061.24,5,4,2,一般用户
457,185,4,1002.28,1,4,2,沉睡高频用户
458,10,5,1448.37,5,5,3,一般用户
459,18,6,3409.49,5,5,5,高价值用户
46,15,10,8821.55,5,5,5,高价值用户
460,7,5,2237.37,5,5,4,高价值用户
461,4,7,2848.92,5,5,5,高价值用户
462,21,11,3749.78,5,5,5,高价值用户
463,69,2,535.59,3,3,2,一般用户
464,156,2,556.08,2,3,2,流失风险
465,97,4,918.09,3,4,2,一般用户
466,358,1,302.92,1,1,1,流失风险
467,56,1,203.23,3,1,1,一般用户
468,276,3,705.15,1,4,2,沉睡高频用户
469,91,5,2304.64,3,5,4,高消费潜力
47,76,8,4222.17,3,5,5,高消费潜力
470,9,3,1000.72,5,4,2,一般用户
471,110,4,2060.23,2,4,4,沉睡高频用户
472,27,6,1084.64,4,5,3,一般用户
473,29,3,1232.3,4,4,3,一般用户
474,77,4,2065.44,3,4,4,高消费潜力
475,188,1,100.71,1,1,1,流失风险
476,290,1,77.49,1,1,1,流失风险
477,89,7,4492.78,3,5,5,高消费潜力
478,76,4,338.79,3,4,1,一般用户
479,36,1,471.46,4,1,1,新客培育
48,17,15,7352.65,5,5,5,高价值用户
480,3,4,2218.1,5,4,4,高价值用户
481,60,7,4089.46,3,5,5,高消费潜力
482,48,3,455.3,4,4,1,一般用户
484,139,5,3160.57,2,5,5,沉睡高频用户
485,205,1,639.06,1,1,2,流失风险
486,52,8,3700.62,4,5,5,高价值用户
487,45,3,3147.91,4,4,5,高价值用户
488,124,4,2038.36,2,4,4,沉睡高频用户
489,25,5,1536.17,4,5,3,一般用户
49,39,14,4488.76,4,5,5,高价值用户
490,218,1,523.44,1,1,1,流失风险
491,88,3,1012.24,3,4,2,一般用户
492,236,3,835.03,1,4,2,沉睡高频用户
493,18,6,3030.62,5,5,5,高价值用户
494,182,6,1577.52,2,5,3,沉睡高频用户
495,115,2,1654.66,2,3,3,流失风险
496,2,6,1675.43,5,5,3,一般用户
497,50,9,6384.07,4,5,5,高价值用户
499,189,3,817.36,1,4,2,沉睡高频用户
5,5,39,19710.87,5,5,5,高价值用户
50,51,16,6865.46,4,5,5,高价值用户
500,208,2,1118.06,1,3,3,流失风险
501,127,6,2227.37,2,5,4,沉睡高频用户
502,1,3,1390.72,5,4,3,一般用户
503,56,5,2624.81,3,5,4,高消费潜力
504,43,6,3337.38,4,5,5,高价值用户
505,56,5,2634.48,3,5,4,高消费潜力
506,24,3,678.34,4,4,2,一般用户
507,31,3,2500.65,4,4,4,高价值用户
508,29,4,3262.18,4,4,5,高价值用户
509,10,2,523.56,5,3,1,一般用户
51,27,20,10764.48,4,5,5,高价值用户
510,19,5,1212.64,5,5,3,一般用户
511,13,4,1476.23,5,4,3,一般用户
512,294,1,232.61,1,1,1,流失风险
513,28,6,3214.78,4,5,5,高价值用户
516,69,8,3689.78,3,5,5,高消费潜力
517,43,4,2532.59,4,4,4,高价值用户
518,198,4,1301.53,1,4,3,沉睡高频用户
519,144,5,2955.33,2,5,5,沉睡高频用户
52,192,11,3428.82,1,5,5,沉睡高频用户
520,51,6,5027.15,4,5,5,高价值用户
521,74,3,1659.68,3,4,3,一般用户
522,164,3,1425.29,2,4,3,沉睡高频用户
523,84,4,4507.14,3,4,5,高消费潜力
524,14,3,760.57,5,4,2,一般用户
525,225,1,769.42,1,1,2,流失风险
526,16,4,1466.55,5,4,3,一般用户
527,165,4,2480.68,2,4,4,沉睡高频用户
528,38,3,1010.84,4,4,2,一般用户
529,348,1,103.31,1,1,1,流失风险
53,30,12,7458.97,4,5,5,高价值用户
530,22,2,352.52,5,3,1,一般用户
531,112,4,1380.97,2,4,3,沉睡高频用户
532,66,6,2931.86,3,5,5,高消费潜力
533,232,1,317.13,1,1,1,流失风险
534,49,3,1373.14,4,4,3,一般用户
535,41,4,3750.4,4,4,5,高价值用户
536,5,3,1774.79,5,4,4,高价值用户
537,71,8,3358.15,3,5,5,高消费潜力
538,3,6,2026.2,5,5,4,高价值用户
539,55,3,2451.6,3,4,4,高消费潜力
54,23,10,2686.44,5,5,4,高价值用户
540,151,2,1350.7,2,3,3,流失风险
541,249,2,891.96,1,3,2,流失风险
542,51,3,1751.83,4,4,3,一般用户
543,22,5,4694.1,5,5,5,高价值用户
544,5,6,6369.78,5,5,5,高价值用户
545,6,4,3109.4,5,4,5,高价值用户
546,273,2,268.57,1,3,1,流失风险
547,95,3,1019.4,3,4,2,一般用户
548,68,6,1754.42,3,5,3,一般用户
549,60,2,1576.85,3,3,3,一般用户
55,7,15,4428.97,5,5,5,高价值用户
550,35,6,3782.35,4,5,5,高价值用户
551,132,5,2607.57,2,5,4,沉睡高频用户
552,73,4,3071.63,3,4,5,高消费潜力
553,243,3,1093.96,1,4,3,沉睡高频用户
554,297,1,745.44,1,1,2,流失风险
555,104,4,2950.41,2,4,5,沉睡高频用户
556,61,2,410.43,3,3,1,一般用户
557,17,6,3732.87,5,5,5,高价值用户
558,1,5,2731.34,5,5,4,高价值用户
559,181,3,998.93,2,4,2,沉睡高频用户
56,11,9,6509.65,5,5,5,高价值用户
560,126,3,1290.15,2,4,3,沉睡高频用户
561,140,3,684.16,2,4,2,沉睡高频用户
562,35,4,4302.88,4,4,5,高价值用户
563,30,3,1062.82,4,4,2,一般用户
564,54,4,1611.75,4,4,3,一般用户
565,21,4,2459.77,5,4,4,高价值用户
566,149,1,737.98,2,1,2,流失风险
567,136,3,876.38,2,4,2,沉睡高频用户
568,89,4,2317.81,3,4,4,高消费潜力
569,75,5,3253.43,3,5,5,高消费潜力
57,39,9,3142.71,4,5,5,高价值用户
570,109,1,862.94,2,1,2,流失风险
571,91,4,3482.02,3,4,5,高消费潜力
572,272,1,290.1,1,1,1,流失风险
573,89,5,1973.25,3,5,4,高消费潜力
574,36,6,2661.05,4,5,4,高价值用户
575,196,3,1163.83,1,4,3,沉睡高频用户
576,25,1,765.12,4,1,2,新客培育
577,38,3,1975.89,4,4,4,高价值用户
578,22,3,2802.35,5,4,5,高价值用户
579,101,2,175.55,3,3,1,一般用户
58,2,24,12787.94,5,5,5,高价值用户
580,107,6,2854.41,2,5,5,沉睡高频用户
581,23,2,541.65,5,3,2,一般用户
582,93,2,468.22,3,3,1,一般用户
583,6,4,1470.71,5,4,3,一般用户
585,82,4,1241.31,3,4,3,一般用户
586,64,5,3483.28,3,5,5,高消费潜力
587,35,3,1100.17,4,4,3,一般用户
588,163,4,2453.21,2,4,4,沉睡高频用户
589,7,6,2509.33,5,5,4,高价值用户
59,4,10,4670.05,5,5,5,高价值用户
590,89,5,2183.75,3,5,4,高消费潜力
591,19,4,2829.28,5,4,5,高价值用户
592,189,6,3313.35,1,5,5,沉睡高频用户
593,49,2,824.28,4,3,2,一般用户
594,228,2,302.32,1,3,1,流失风险
595,56,4,3034.48,3,4,5,高消费潜力
596,58,3,1638.39,3,4,3,一般用户
597,26,4,3201.42,4,4,5,高价值用户
598,28,4,1781.99,4,4,4,高价值用户
599,71,8,3154.33,3,5,5,高消费潜力
6,5,33,17037.51,5,5,5,高价值用户
60,66,11,8748.6,3,5,5,高消费潜力
600,95,4,2277.41,3,4,4,高消费潜力
601,61,3,2325.22,3,4,4,高消费潜力
602,21,6,4321.49,5,5,5,高价值用户
603,41,2,566.13,4,3,2,一般用户
604,50,2,1546.64,4,3,3,一般用户
605,56,5,2442.55,3,5,4,高消费潜力
606,103,5,3054.4,2,5,5,沉睡高频用户
607,77,3,2957.24,3,4,5,高消费潜力
608,19,3,947.06,5,4,2,一般用户
609,29,6,4202.85,4,5,5,高价值用户
61,20,20,8516.86,5,5,5,高价值用户
611,145,2,1055.75,2,3,2,流失风险
612,145,4,1674.23,2,4,3,沉睡高频用户
613,8,3,609.68,5,4,2,一般用户
614,61,6,1485.31,3,5,3,一般用户
615,28,7,2745.12,4,5,4,高价值用户
616,40,6,1778.86,4,5,4,高价值用户
617,212,2,1510.91,1,3,3,流失风险
618,80,3,1348.88,3,4,3,一般用户
619,116,2,1651.36,2,3,3,流失风险
62,1,9,4053.43,5,5,5,高价值用户
620,29,5,1335.55,4,5,3,一般用户
621,174,4,1648.69,2,4,3,沉睡高频用户
622,225,4,1168.97,1,4,3,沉睡高频用户
623,97,4,1690.57,3,4,3,一般用户
624,47,3,2638.01,4,4,4,高价值用户
625,101,4,1926.13,3,4,4,高消费潜力
626,35,5,2090.36,4,5,4,高价值用户
627,145,2,735.14,2,3,2,流失风险
628,154,4,2142.88,2,4,4,沉睡高频用户
629,220,1,817.32,1,1,2,流失风险
63,2,8,3351.3,5,5,5,高价值用户
630,8,4,2017.72,5,4,4,高价值用户
631,7,4,2438.6,5,4,4,高价值用户
632,121,1,194.1,2,1,1,流失风险
633,182,3,737.19,2,4,2,沉睡高频用户
634,48,3,2486.16,4,4,4,高价值用户
635,49,2,1970.68,4,3,4,高消费潜力
636,165,2,611.07,2,3,2,流失风险
637,54,6,2520.34,4,5,4,高价值用户
638,260,3,1671.02,1,4,3,沉睡高频用户
639,17,5,4470.3,5,5,5,高价值用户
64,55,12,9582.65,3,5,5,高消费潜力
640,131,7,2600.78,2,5,4,沉睡高频用户
641,39,2,618.52,4,3,2,一般用户
642,183,5,2614.0,2,5,4,沉睡高频用户
643,20,2,945.76,5,3,2,一般用户
644,103,3,2516.96,2,4,4,沉睡高频用户
645,79,6,2156.34,3,5,4,高消费潜力
646,32,5,2209.61,4,5,4,高价值用户
648,100,6,3030.95,3,5,5,高消费潜力
649,54,6,3683.25,4,5,5,高价值用户
65,40,10,7058.58,4,5,5,高价值用户
650,112,2,2142.96,2,3,4,高消费潜力
651,159,4,2806.04,2,4,5,沉睡高频用户
652,59,1,286.52,3,1,1,一般用户
653,46,2,562.16,4,3,2,一般用户
654,247,1,332.18,1,1,1,流失风险
655,44,1,615.3,4,1,2,新客培育
656,209,2,837.6,1,3,2,流失风险
657,73,6,3607.23,3,5,5,高消费潜力
658,3,5,2812.78,5,5,5,高价值用户
659,54,5,2291.94,4,5,4,高价值用户
66,9,10,4490.14,5,5,5,高价值用户
660,184,8,3548.14,1,5,5,沉睡高频用户
661,50,4,1506.5,4,4,3,一般用户
662,2,4,1329.5,5,4,3,一般用户
663,28,4,927.88,4,4,2,一般用户
665,88,4,2192.15,3,4,4,高消费潜力
667,45,5,2181.58,4,5,4,高价值用户
668,188,3,1496.77,1,4,3,沉睡高频用户
669,177,3,1614.66,2,4,3,沉睡高频用户
67,68,11,7262.99,3,5,5,高消费潜力
670,50,7,3845.98,4,5,5,高价值用户
671,132,4,2051.97,2,4,4,沉睡高频用户
672,5,3,2819.59,5,4,5,高价值用户
673,209,2,2455.86,1,3,4,高消费潜力
674,255,1,93.75,1,1,1,流失风险
675,77,7,3577.74,3,5,5,高消费潜力
676,55,4,1383.43,3,4,3,一般用户
677,15,7,2509.13,5,5,4,高价值用户
678,1,5,2522.0,5,5,4,高价值用户
679,12,4,2007.17,5,4,4,高价值用户
68,30,7,3600.78,4,5,5,高价值用户
680,40,5,1489.7,4,5,3,一般用户
681,43,2,1406.82,4,3,3,一般用户
682,20,3,1775.74,5,4,4,高价值用户
683,114,3,3109.6,2,4,5,沉睡高频用户
684,77,5,1287.07,3,5,3,一般用户
685,126,2,977.19,2,3,2,流失风险
686,75,6,3474.54,3,5,5,高消费潜力
687,63,4,1804.67,3,4,4,高消费潜力
688,40,4,1061.2,4,4,2,一般用户
689,106,2,356.51,2,3,1,流失风险
69,19,7,5526.04,5,5,5,高价值用户
690,16,4,4074.17,5,4,5,高价值用户
691,23,3,2227.68,5,4,4,高价值用户
692,17,4,1160.88,5,4,3,一般用户
693,169,2,2626.35,2,3,4,高消费潜力
694,55,6,2412.41,3,5,4,高消费潜力
695,190,2,1134.17,1,3,3,流失风险
696,68,2,1108.78,3,3,3,一般用户
697,43,2,898.8,4,3,2,一般用户
698,320,2,691.64,1,3,2,流失风险
699,130,1,1200.78,2,1,3,流失风险
7,2,47,25172.44,5,5,5,高价值用户
70,4,12,5461.25,5,5,5,高价值用户
701,13,2,1437.51,5,3,3,一般用户
702,182,2,1342.3,2,3,3,流失风险
703,101,3,1873.24,3,4,4,高消费潜力
704,1,5,1284.65,5,5,3,一般用户
705,108,2,1120.56,2,3,3,流失风险
706,293,2,625.61,1,3,2,流失风险
707,53,5,2162.31,4,5,4,高价值用户
708,38,5,1928.96,4,5,4,高价值用户
709,67,3,834.42,3,4,2,一般用户
71,52,18,6792.94,4,5,5,高价值用户
711,17,8,2215.09,5,5,4,高价值用户
712,180,3,1162.73,2,4,3,沉睡高频用户
713,272,2,595.14,1,3,2,流失风险
714,85,2,1700.17,3,3,3,一般用户
715,121,5,1732.77,2,5,3,沉睡高频用户
716,58,5,4376.3,3,5,5,高消费潜力
717,124,1,1236.48,2,1,3,流失风险
718,12,3,956.84,5,4,2,一般用户
719,13,1,1260.6,5,1,3,新客培育
72,5,9,2956.78,5,5,5,高价值用户
720,11,3,1316.93,5,4,3,一般用户
721,75,3,2919.78,3,4,5,高消费潜力
722,108,2,1844.6,2,3,4,高消费潜力
723,173,7,5336.21,2,5,5,沉睡高频用户
724,155,3,1484.85,2,4,3,沉睡高频用户
726,64,3,807.25,3,4,2,一般用户
727,18,3,3247.04,5,4,5,高价值用户
728,128,5,2484.81,2,5,4,沉睡高频用户
729,17,5,2412.92,5,5,4,高价值用户
73,20,8,4381.25,5,5,5,高价值用户
730,81,5,1972.43,3,5,4,高消费潜力
731,40,1,574.34,4,1,2,新客培育
732,6,1,135.64,5,1,1,新客培育
733,61,5,1439.44,3,5,3,一般用户
734,301,3,2302.64,1,4,4,沉睡高频用户
735,28,3,1823.34,4,4,4,高价值用户
736,18,2,362.68,5,3,1,一般用户
737,30,8,5789.67,4,5,5,高价值用户
738,50,2,525.28,4,3,1,一般用户
739,62,2,439.04,3,3,1,一般用户
74,2,12,6408.47,5,5,5,高价值用户
740,4,4,2058.65,5,4,4,高价值用户
741,170,5,2915.84,2,5,5,沉睡高频用户
742,59,4,1974.69,3,4,4,高消费潜力
743,163,3,2346.78,2,4,4,沉睡高频用户
744,66,6,3576.38,3,5,5,高消费潜力
745,52,3,3508.66,4,4,5,高价值用户
746,62,4,1895.16,3,4,4,高消费潜力
747,35,3,1770.23,4,4,4,高价值用户
748,274,2,3104.47,1,3,5,高消费潜力
749,257,2,437.27,1,3,1,流失风险
75,25,19,9158.81,4,5,5,高价值用户
750,22,4,2526.21,5,4,4,高价值用户
751,64,2,797.72,3,3,2,一般用户
752,178,3,902.92,2,4,2,沉睡高频用户
753,157,3,2536.42,2,4,4,沉睡高频用户
754,39,5,2812.25,4,5,5,高价值用户
755,93,5,2282.58,3,5,4,高消费潜力
756,52,4,3106.64,4,4,5,高价值用户
757,51,2,1657.24,4,3,3,一般用户
758,8,8,2969.59,5,5,5,高价值用户
759,8,5,7050.29,5,5,5,高价值用户
76,7,11,3077.15,5,5,5,高价值用户
760,264,2,1464.94,1,3,3,流失风险
761,3,5,3334.22,5,5,5,高价值用户
763,304,2,1810.11,1,3,4,高消费潜力
764,43,3,735.61,4,4,2,一般用户
765,69,2,792.38,3,3,2,一般用户
766,9,3,1523.89,5,4,3,一般用户
767,58,3,848.28,3,4,2,一般用户
768,20,3,1865.94,5,4,4,高价值用户
769,19,4,1364.7,5,4,3,一般用户
77,10,7,3190.34,5,5,5,高价值用户
770,59,7,4147.23,3,5,5,高消费潜力
771,46,4,1032.11,4,4,2,一般用户
772,8,5,2338.93,5,5,4,高价值用户
773,38,5,1601.17,4,5,3,一般用户
774,277,3,4600.99,1,4,5,沉睡高频用户
775,97,1,428.96,3,1,1,一般用户
776,57,3,1374.06,3,4,3,一般用户
777,18,4,1166.16,5,4,3,一般用户
778,4,3,1934.18,5,4,4,高价值用户
779,78,2,3088.1,3,3,5,高消费潜力
78,2,5,4033.57,5,5,5,高价值用户
780,9,3,2379.86,5,4,4,高价值用户
781,40,5,6403.56,4,5,5,高价值用户
782,155,3,1818.1,2,4,4,沉睡高频用户
784,48,6,2074.42,4,5,4,高价值用户
785,103,1,400.44,2,1,1,流失风险
786,81,2,1702.34,3,3,3,一般用户
787,32,2,673.76,4,3,2,一般用户
788,286,1,460.9,1,1,1,流失风险
789,242,2,938.77,1,3,2,流失风险
79,23,12,6151.82,5,5,5,高价值用户
790,105,4,2814.52,2,4,5,沉睡高频用户
791,82,3,2210.75,3,4,4,高消费潜力
792,237,1,971.64,1,1,2,流失风险
793,105,3,2193.48,2,4,4,沉睡高频用户
794,25,3,2699.74,4,4,4,高价值用户
795,91,4,1812.37,3,4,4,高消费潜力
796,4,4,1587.67,5,4,3,一般用户
797,46,2,1185.36,4,3,3,一般用户
798,19,2,652.38,5,3,2,一般用户
799,234,2,144.56,1,3,1,流失风险
8,14,29,16117.92,5,5,5,高价值用户
80,56,16,8776.05,3,5,5,高消费潜力
800,360,1,23.84,1,1,1,流失风险
801,18,8,4851.22,5,5,5,高价值用户
803,88,6,3765.2,3,5,5,高消费潜力
804,211,2,2312.07,1,3,4,高消费潜力
805,56,4,857.85,3,4,2,一般用户
806,34,1,862.44,4,1,2,新客培育
807,24,5,3928.29,4,5,5,高价值用户
808,341,1,86.91,1,1,1,流失风险
809,48,4,1354.09,4,4,3,一般用户
81,5,10,6469.18,5,5,5,高价值用户
810,99,6,4149.57,3,5,5,高消费潜力
811,3,3,1047.6,5,4,2,一般用户
812,12,3,4167.78,5,4,5,高价值用户
813,48,3,2028.6,4,4,4,高价值用户
814,135,4,1380.69,2,4,3,沉睡高频用户
815,6,2,1459.45,5,3,3,一般用户
816,185,2,953.37,1,3,2,流失风险
817,125,4,1869.73,2,4,4,沉睡高频用户
818,52,6,3226.94,4,5,5,高价值用户
819,272,2,487.26,1,3,1,流失风险
82,9,11,6957.04,5,5,5,高价值用户
820,66,4,3086.82,3,4,5,高消费潜力
821,121,2,392.24,2,3,1,流失风险
822,12,6,3325.3,5,5,5,高价值用户
823,107,3,1534.66,2,4,3,沉睡高频用户
824,264,2,466.6,1,3,1,流失风险
825,134,1,605.32,2,1,2,流失风险
826,24,7,5951.12,4,5,5,高价值用户
827,239,1,1408.04,1,1,3,流失风险
828,219,2,280.02,1,3,1,流失风险
829,210,4,1302.35,1,4,3,沉睡高频用户
83,22,7,2795.24,5,5,5,高价值用户
830,65,4,2114.65,3,4,4,高消费潜力
831,159,1,442.14,2,1,1,流失风险
832,199,3,2524.54,1,4,4,沉睡高频用户
833,19,3,907.01,5,4,2,一般用户
834,101,2,768.84,3,3,2,一般用户
835,81,6,3374.51,3,5,5,高消费潜力
836,30,5,2035.74,4,5,4,高价值用户
837,112,2,252.27,2,3,1,流失风险
838,19,2,995.86,5,3,2,一般用户
839,185,2,770.14,1,3,2,流失风险
84,34,15,6981.97,4,5,5,高价值用户
840,52,2,868.92,4,3,2,一般用户
841,9,7,2952.11,5,5,5,高价值用户
842,176,1,1497.96,2,1,3,流失风险
843,82,5,1331.77,3,5,3,一般用户
844,141,1,421.81,2,1,1,流失风险
845,210,3,1890.55,1,4,4,沉睡高频用户
846,304,1,2346.36,1,1,4,高消费潜力
847,96,6,3144.93,3,5,5,高消费潜力
848,62,2,860.62,3,3,2,一般用户
849,29,3,297.61,4,4,1,一般用户
85,5,18,10985.06,5,5,5,高价值用户
850,29,7,6046.96,4,5,5,高价值用户
851,28,3,1184.18,4,4,3,一般用户
852,24,3,462.16,4,4,1,一般用户
853,147,2,60.82,2,3,1,流失风险
854,118,3,1285.66,2,4,3,沉睡高频用户
855,44,2,1069.79,4,3,2,一般用户
856,21,2,1014.33,5,3,2,一般用户
857,19,6,3764.59,5,5,5,高价值用户
858,46,4,3617.2,4,4,5,高价值用户
859,114,5,4458.13,2,5,5,沉睡高频用户
86,14,9,5449.96,5,5,5,高价值用户
860,7,4,2177.35,5,4,4,高价值用户
861,165,2,2155.68,2,3,4,高消费潜力
862,74,3,766.07,3,4,2,一般用户
863,97,3,2336.88,3,4,4,高消费潜力
864,213,1,1962.2,1,1,4,高消费潜力
865,41,3,755.66,4,4,2,一般用户
867,202,2,788.57,1,3,2,流失风险
869,256,1,615.4,1,1,2,流失风险
87,16,10,6019.02,5,5,5,高价值用户
870,113,1,725.02,2,2,2,流失风险
871,209,3,622.64,1,4,2,沉睡高频用户
872,95,4,2900.57,3,4,5,高消费潜力
873,151,1,1071.96,2,2,3,流失风险
874,27,4,3423.46,4,4,5,高价值用户
875,168,2,961.48,2,3,2,流失风险
876,22,4,1851.31,5,4,4,高价值用户
877,168,4,1138.48,2,4,3,沉睡高频用户
878,219,3,1877.24,1,4,4,沉睡高频用户
879,127,3,1264.31,2,4,3,沉睡高频用户
88,90,10,4438.53,3,5,5,高消费潜力
880,174,5,3085.51,2,5,5,沉睡高频用户
881,107,3,2274.69,2,4,4,沉睡高频用户
882,304,2,976.85,1,3,2,流失风险
884,157,1,341.57,2,2,1,流失风险
885,22,5,4049.12,5,5,5,高价值用户
886,7,2,2269.84,5,3,4,高消费潜力
887,159,3,1620.42,2,4,3,沉睡高频用户
888,15,9,3166.14,5,5,5,高价值用户
889,20,4,4362.95,5,4,5,高价值用户
89,48,4,1743.83,4,4,3,一般用户
890,146,2,548.32,2,3,2,流失风险
891,79,8,3328.44,3,5,5,高消费潜力
892,259,4,1756.38,1,4,4,沉睡高频用户
893,207,3,2155.58,1,4,4,沉睡高频用户
895,48,5,2584.91,4,5,4,高价值用户
896,206,1,773.24,1,2,2,流失风险
897,319,2,497.44,1,3,1,流失风险
899,50,3,3595.22,4,4,5,高价值用户
9,6,30,20310.3,5,5,5,高价值用户
90,1,10,5139.47,5,5,5,高价值用户
900,216,2,1239.57,1,3,3,流失风险
901,170,1,404.22,2,2,1,流失风险
902,27,3,1335.74,4,4,3,一般用户
903,79,5,2143.97,3,5,4,高消费潜力
904,17,3,1710.66,5,4,3,一般用户
905,21,3,884.83,5,4,2,一般用户
906,334,1,493.3,1,2,1,流失风险
907,141,1,389.75,2,2,1,流失风险
908,76,4,2739.96,3,4,4,高消费潜力
909,27,2,3017.54,4,3,5,高消费潜力
91,101,5,2622.0,3,5,4,高消费潜力
910,234,2,753.2,1,3,2,流失风险
911,22,7,4269.82,5,5,5,高价值用户
912,47,3,3453.8,4,4,5,高价值用户
913,9,5,2299.07,5,5,4,高价值用户
914,29,2,422.68,4,3,1,一般用户
915,43,3,694.57,4,4,2,一般用户
916,103,2,2159.57,2,3,4,高消费潜力
917,82,1,30.19,3,2,1,一般用户
918,319,1,1288.44,1,2,3,流失风险
919,198,2,298.46,1,3,1,流失风险
92,54,11,10155.26,4,5,5,高价值用户
920,157,3,1085.44,2,4,3,沉睡高频用户
921,152,2,453.45,2,3,1,流失风险
922,12,4,1035.03,5,4,2,一般用户
923,209,2,907.7,1,3,2,流失风险
924,85,7,3997.79,3,5,5,高消费潜力
925,40,2,404.14,4,3,1,一般用户
926,125,2,318.35,2,3,1,流失风险
927,244,1,404.38,1,2,1,流失风险
928,2,4,1688.65,5,4,3,一般用户
929,115,1,2242.3,2,2,4,高消费潜力
93,11,6,3311.09,5,5,5,高价值用户
930,30,6,3534.83,4,5,5,高价值用户
932,209,1,144.9,1,2,1,流失风险
933,9,5,4406.32,5,5,5,高价值用户
934,164,3,855.06,2,4,2,沉睡高频用户
935,23,1,808.52,5,2,2,新客培育
936,90,5,3241.34,3,5,5,高消费潜力
937,64,4,2186.44,3,4,4,高消费潜力
938,121,3,1534.52,2,4,3,沉睡高频用户
939,195,1,893.82,1,2,2,流失风险
94,2,9,2469.1,5,5,4,高价值用户
940,88,3,1022.86,3,4,2,一般用户
941,5,5,2198.78,5,5,4,高价值用户
942,77,3,1541.44,3,4,3,一般用户
943,38,5,3953.44,4,5,5,高价值用户
944,19,5,2946.85,5,5,5,高价值用户
946,47,5,2361.33,4,5,4,高价值用户
948,24,1,398.36,4,2,1,新客培育
949,117,4,2164.84,2,4,4,沉睡高频用户
95,30,4,3564.56,4,4,5,高价值用户
951,267,1,588.22,1,2,2,流失风险
952,134,3,2334.67,2,4,4,沉睡高频用户
953,4,2,862.31,5,3,2,一般用户
954,13,4,972.05,5,4,2,一般用户
955,7,4,2854.96,5,4,5,高价值用户
956,64,2,1713.63,3,3,3,一般用户
957,47,5,2056.71,4,5,4,高价值用户
958,242,2,951.83,1,3,2,流失风险
959,100,5,2437.37,3,5,4,高消费潜力
96,81,5,3492.63,3,5,5,高消费潜力
960,39,6,4917.9,4,5,5,高价值用户
961,117,4,2101.51,2,4,4,沉睡高频用户
962,144,2,818.54,2,3,2,流失风险
963,60,2,446.54,3,3,1,一般用户
965,129,1,180.31,2,2,1,流失风险
966,98,5,2118.54,3,5,4,高消费潜力
967,11,5,2435.72,5,5,4,高价值用户
968,195,5,2473.78,1,5,4,沉睡高频用户
969,311,2,365.83,1,3,1,流失风险
97,31,3,2877.67,4,4,5,高价值用户
970,203,3,1509.6,1,4,3,沉睡高频用户
971,12,4,1911.67,5,4,4,高价值用户
972,21,4,2715.98,5,4,4,高价值用户
973,105,3,3477.0,2,4,5,沉睡高频用户
974,145,4,2330.37,2,4,4,沉睡高频用户
975,48,5,4146.67,4,5,5,高价值用户
976,34,5,2671.96,4,5,4,高价值用户
977,52,1,1313.6,4,2,3,新客培育
978,163,1,524.8,2,2,1,流失风险
979,325,1,660.16,1,2,2,流失风险
98,10,9,6939.99,5,5,5,高价值用户
980,77,2,459.88,3,3,1,一般用户
981,6,5,2703.66,5,5,4,高价值用户
983,24,3,1368.73,4,4,3,一般用户
984,63,3,1370.18,3,4,3,一般用户
985,167,1,133.61,2,2,1,流失风险
986,321,1,298.38,1,2,1,流失风险
987,148,3,1373.65,2,4,3,沉睡高频用户
988,205,4,2263.74,1,4,4,沉睡高频用户
989,59,2,851.97,3,3,2,一般用户
99,10,12,4494.19,5,5,5,高价值用户
990,55,1,172.3,3,2,1,一般用户
991,30,3,657.49,4,4,2,一般用户
992,23,6,2905.24,5,5,5,高价值用户
994,113,5,2090.19,2,5,4,沉睡高频用户
995,46,5,2621.54,4,5,4,高价值用户
996,43,3,1264.21,4,4,3,一般用户
997,162,3,3575.76,2,4,5,沉睡高频用户
998,18,5,3240.33,5,5,5,高价值用户
999,108,6,3299.8,2,5,5,沉睡高频用户
